Note,Multiplier,Entity,country_code,ISO3166-2,county,jp-postal-code
Baja California,1,Mexico,mx,MX-BCN,,
Baja California,1,Mexico,mx,MX-BCS,,
Canada Blanket,1,Canada,ca,,,
Central Mexico,1,Mexico,mx,MX-CMX,,
Central Mexico,1,Mexico,mx,MX-MEX,,
Europe Blanket,1,France,fr,,,
Europe Blanket,1,Great Britain,gb,,,
Europe Blanket,1,Spain,es,,,
Florida,1,United States,us,US-FL,Alachua County,
Florida,1,United States,us,US-FL,Baker County,
Florida,1,United States,us,US-FL,Bay County,
Florida,1,United States,us,US-FL,Bradford County,
Florida,1,United States,us,US-FL,Brevard County,
Florida,1,United States,us,US-FL,Broward County,
Florida,1,United States,us,US-FL,Calhoun County,
Florida,1,United States,us,US-FL,Charlotte County,
Florida,1,United States,us,US-FL,Citrus County,
Florida,1,United States,us,US-FL,Clay County,
Florida,1,United States,us,US-FL,Collier County,
Florida,1,United States,us,US-FL,Columbia County,
Florida,1,United States,us,US-FL,DeSoto County,
Florida,1,United States,us,US-FL,Dixie County,
Florida,1,United States,us,US-FL,Duval County,
Florida,1,United States,us,US-FL,Flagler County,
Florida,1,United States,us,US-FL,Franklin County,
Florida,1,United States,us,US-FL,Gadsden County,
Florida,1,United States,us,US-FL,Gilchrist County,
Florida,1,United States,us,US-FL,Glades County,
Florida,1,United States,us,US-FL,Gulf County,
Florida,1,United States,us,US-FL,Hamilton County,
Florida,1,United States,us,US-FL,Hardee County,
Florida,1,United States,us,US-FL,Hendry County,
Florida,1,United States,us,US-FL,Hernando County,
Florida,1,United States,us,US-FL,Highlands County,
Florida,1,United States,us,US-FL,Hillsborough County,
Florida,1,United States,us,US-FL,Holmes County,
Florida,1,United States,us,US-FL,Indian River County,
Florida,1,United States,us,US-FL,Jackson County,
Florida,1,United States,us,US-FL,Jefferson County,
Florida,1,United States,us,US-FL,Lafayette County,
Florida,1,United States,us,US-FL,Lake County,
Florida,1,United States,us,US-FL,Lee County,
Florida,1,United States,us,US-FL,Leon County,
Florida,1,United States,us,US-FL,Levy County,
Florida,1,United States,us,US-FL,Liberty County,
Florida,1,United States,us,US-FL,Madison County,
Florida,1,United States,us,US-FL,Manatee County,
Florida,1,United States,us,US-FL,Marion County,
Florida,1,United States,us,US-FL,Martin County,
Florida,1,United States,us,US-FL,Miami-Dade County,
Florida,1,United States,us,US-FL,Monroe County,
Florida,1,United States,us,US-FL,Nassau County,
Florida,1,United States,us,US-FL,Okeechobee County,
Florida,1,United States,us,US-FL,Orange County,
Florida,1,United States,us,US-FL,Osceola County,
Florida,1,United States,us,US-FL,Palm Beach County,
Florida,1,United States,us,US-FL,Pasco County,
Florida,1,United States,us,US-FL,Pinellas County,
Florida,1,United States,us,US-FL,Polk County,
Florida,1,United States,us,US-FL,Putnam County,
Florida,1,United States,us,US-FL,St. Johns County,
Florida,1,United States,us,US-FL,St. Lucie County,
Florida,1,United States,us,US-FL,Sarasota County,
Florida,1,United States,us,US-FL,Seminole County,
Florida,1,United States,us,US-FL,Sumter County,
Florida,1,United States,us,US-FL,Suwannee County,
Florida,1,United States,us,US-FL,Taylor County,
Florida,1,United States,us,US-FL,Union County,
Florida,1,United States,us,US-FL,Volusia County,
Florida,1,United States,us,US-FL,Wakulla County,
Florida,1,United States,us,US-FL,Washington County,
Great Lakes Midwest,1,United States,us,US-KY,Adair County,
Great Lakes Midwest,1,United States,us,US-KY,Anderson County,
Great Lakes Midwest,1,United States,us,US-KY,Bath County,
Great Lakes Midwest,1,United States,us,US-KY,Bell County,
Great Lakes Midwest,1,United States,us,US-KY,Boone County,
Great Lakes Midwest,1,United States,us,US-KY,Bourbon County,
Great Lakes Midwest,1,United States,us,US-KY,Boyd County,
Great Lakes Midwest,1,United States,us,US-KY,Boyle County,
Great Lakes Midwest,1,United States,us,US-KY,Bracken County,
Great Lakes Midwest,1,United States,us,US-KY,Breathitt County,
Great Lakes Midwest,1,United States,us,US-KY,Breckinridge County,
Great Lakes Midwest,1,United States,us,US-KY,Bullitt County,
Great Lakes Midwest,1,United States,us,US-KY,Campbell County,
Great Lakes Midwest,1,United States,us,US-KY,Carroll County,
Great Lakes Midwest,1,United States,us,US-KY,Carter County,
Great Lakes Midwest,1,United States,us,US-KY,Casey County,
Great Lakes Midwest,1,United States,us,US-KY,Clark County,
Great Lakes Midwest,1,United States,us,US-KY,Clay County,
Great Lakes Midwest,1,United States,us,US-KY,Clinton County,
Great Lakes Midwest,1,United States,us,US-KY,Cumberland County,
Great Lakes Midwest,1,United States,us,US-KY,Daviess County,
Great Lakes Midwest,1,United States,us,US-KY,Elliott County,
Great Lakes Midwest,1,United States,us,US-KY,Estill County,
Great Lakes Midwest,1,United States,us,US-KY,Fayette County,
Great Lakes Midwest,1,United States,us,US-KY,Fleming County,
Great Lakes Midwest,1,United States,us,US-KY,Floyd County,
Great Lakes Midwest,1,United States,us,US-KY,Franklin County,
Great Lakes Midwest,1,United States,us,US-KY,Gallatin County,
Great Lakes Midwest,1,United States,us,US-KY,Garrard County,
Great Lakes Midwest,1,United States,us,US-KY,Grant County,
Great Lakes Midwest,1,United States,us,US-KY,Grayson County,
Great Lakes Midwest,1,United States,us,US-KY,Greenup County,
Great Lakes Midwest,1,United States,us,US-KY,Hancock County,
Great Lakes Midwest,1,United States,us,US-KY,Hardin County,
Great Lakes Midwest,1,United States,us,US-KY,Harlan County,
Great Lakes Midwest,1,United States,us,US-KY,Harrison County,
Great Lakes Midwest,1,United States,us,US-KY,Henderson County,
Great Lakes Midwest,1,United States,us,US-KY,Henry County,
Great Lakes Midwest,1,United States,us,US-KY,Hopkins County,
Great Lakes Midwest,1,United States,us,US-KY,Jackson County,
Great Lakes Midwest,1,United States,us,US-KY,Jefferson County,
Great Lakes Midwest,1,United States,us,US-KY,Jessamine County,
Great Lakes Midwest,1,United States,us,US-KY,Johnson County,
Great Lakes Midwest,1,United States,us,US-KY,Kenton County,
Great Lakes Midwest,1,United States,us,US-KY,Knott County,
Great Lakes Midwest,1,United States,us,US-KY,Knox County,
Great Lakes Midwest,1,United States,us,US-KY,LaRue County,
Great Lakes Midwest,1,United States,us,US-KY,Laurel County,
Great Lakes Midwest,1,United States,us,US-KY,Lawrence County,
Great Lakes Midwest,1,United States,us,US-KY,Lee County,
Great Lakes Midwest,1,United States,us,US-KY,Leslie County,
Great Lakes Midwest,1,United States,us,US-KY,Letcher County,
Great Lakes Midwest,1,United States,us,US-KY,Lewis County,
Great Lakes Midwest,1,United States,us,US-KY,Lincoln County,
Great Lakes Midwest,1,United States,us,US-KY,McCreary County,
Great Lakes Midwest,1,United States,us,US-KY,McLean County,
Great Lakes Midwest,1,United States,us,US-KY,Madison County,
Great Lakes Midwest,1,United States,us,US-KY,Magoffin County,
Great Lakes Midwest,1,United States,us,US-KY,Marion County,
Great Lakes Midwest,1,United States,us,US-KY,Martin County,
Great Lakes Midwest,1,United States,us,US-KY,Mason County,
Great Lakes Midwest,1,United States,us,US-KY,Meade County,
Great Lakes Midwest,1,United States,us,US-KY,Menifee County,
Great Lakes Midwest,1,United States,us,US-KY,Mercer County,
Great Lakes Midwest,1,United States,us,US-KY,Montgomery County,
Great Lakes Midwest,1,United States,us,US-KY,Morgan County,
Great Lakes Midwest,1,United States,us,US-KY,Muhlenberg County,
Great Lakes Midwest,1,United States,us,US-KY,Nelson County,
Great Lakes Midwest,1,United States,us,US-KY,Nicholas County,
Great Lakes Midwest,1,United States,us,US-KY,Ohio County,
Great Lakes Midwest,1,United States,us,US-KY,Oldham County,
Great Lakes Midwest,1,United States,us,US-KY,Owen County,
Great Lakes Midwest,1,United States,us,US-KY,Owsley County,
Great Lakes Midwest,1,United States,us,US-KY,Pendleton County,
Great Lakes Midwest,1,United States,us,US-KY,Perry County,
Great Lakes Midwest,1,United States,us,US-KY,Pike County,
Great Lakes Midwest,1,United States,us,US-KY,Powell County,
Great Lakes Midwest,1,United States,us,US-KY,Pulaski County,
Great Lakes Midwest,1,United States,us,US-KY,Robertson County,
Great Lakes Midwest,1,United States,us,US-KY,Rockcastle County,
Great Lakes Midwest,1,United States,us,US-KY,Rowan County,
Great Lakes Midwest,1,United States,us,US-KY,Russell County,
Great Lakes Midwest,1,United States,us,US-KY,Scott County,
Great Lakes Midwest,1,United States,us,US-KY,Shelby County,
Great Lakes Midwest,1,United States,us,US-KY,Spencer County,
Great Lakes Midwest,1,United States,us,US-KY,Taylor County,
Great Lakes Midwest,1,United States,us,US-KY,Trimble County,
Great Lakes Midwest,1,United States,us,US-KY,Union County,
Great Lakes Midwest,1,United States,us,US-KY,Washington County,
Great Lakes Midwest,1,United States,us,US-KY,Wayne County,
Great Lakes Midwest,1,United States,us,US-KY,Webster County,
Great Lakes Midwest,1,United States,us,US-KY,Whitley County,
Great Lakes Midwest,1,United States,us,US-KY,Wolfe County,
Great Lakes Midwest,1,United States,us,US-KY,Woodford County,
Heartland Midwest,1,United States,us,US-KS,Atchison County,
Heartland Midwest,1,United States,us,US-KS,Brown County,
Heartland Midwest,1,United States,us,US-KS,Doniphan County,
Heartland Midwest,1,United States,us,US-KS,Douglas County,
Heartland Midwest,1,United States,us,US-KS,Franklin County,
Heartland Midwest,1,United States,us,US-KS,Jackson County,
Heartland Midwest,1,United States,us,US-KS,Jefferson County,
Heartland Midwest,1,United States,us,US-KS,Johnson County,
Heartland Midwest,1,United States,us,US-KS,Leavenworth County,
Heartland Midwest,1,United States,us,US-KS,Marshall County,
Heartland Midwest,1,United States,us,US-KS,Miami County,
Heartland Midwest,1,United States,us,US-KS,Nemaha County,
Heartland Midwest,1,United States,us,US-KS,Republic County,
Heartland Midwest,1,United States,us,US-KS,Shawnee County,
Heartland Midwest,1,United States,us,US-KS,Washington County,
Heartland Midwest,1,United States,us,US-KS,Wyandotte County,
Heartland Midwest,1,United States,us,US-MO,Adair County,
Heartland Midwest,1,United States,us,US-MO,Johnson County,
Heartland Midwest,1,United States,us,US-MO,Knox County,
Heartland Midwest,1,United States,us,US-MO,Lafayette County,
Heartland Midwest,1,United States,us,US-MO,Lewis County,
Heartland Midwest,1,United States,us,US-MO,Lincoln County,
Heartland Midwest,1,United States,us,US-MO,Linn County,
Heartland Midwest,1,United States,us,US-MO,Livingston County,
Heartland Midwest,1,United States,us,US-MO,Macon County,
Heartland Midwest,1,United States,us,US-MO,Maries County,
Heartland Midwest,1,United States,us,US-MO,Marion County,
Heartland Midwest,1,United States,us,US-MO,Mercer County,
Heartland Midwest,1,United States,us,US-MO,Miller County,
Heartland Midwest,1,United States,us,US-MO,Moniteau County,
Heartland Midwest,1,United States,us,US-MO,Monroe County,
Heartland Midwest,1,United States,us,US-MO,Montgomery County,
Heartland Midwest,1,United States,us,US-MO,Morgan County,
Heartland Midwest,1,United States,us,US-MO,Nodaway County,
Heartland Midwest,1,United States,us,US-MO,Benton County,
Heartland Midwest,1,United States,us,US-MO,Osage County,
Heartland Midwest,1,United States,us,US-MO,Perry County,
Heartland Midwest,1,United States,us,US-MO,Pettis County,
Heartland Midwest,1,United States,us,US-MO,Pike County,
Heartland Midwest,1,United States,us,US-MO,Platte County,
Heartland Midwest,1,United States,us,US-MO,Putnam County,
Heartland Midwest,1,United States,us,US-MO,Ralls County,
Heartland Midwest,1,United States,us,US-MO,Randolph County,
Heartland Midwest,1,United States,us,US-MO,Ray County,
Heartland Midwest,1,United States,us,US-MO,Saint Charles County,
Heartland Midwest,1,United States,us,US-MO,Sainte Genevieve County,
Heartland Midwest,1,United States,us,US-MO,Saint Francois County,
Heartland Midwest,1,United States,us,US-MO,Saint Louis County,
Heartland Midwest,1,United States,us,US-MO,Boone County,
Heartland Midwest,1,United States,us,US-MO,Saline County,
Heartland Midwest,1,United States,us,US-MO,Schuyler County,
Heartland Midwest,1,United States,us,US-MO,Scotland County,
Heartland Midwest,1,United States,us,US-MO,Shelby County,
Heartland Midwest,1,United States,us,US-MO,Buchanan County,
Heartland Midwest,1,United States,us,US-MO,Sullivan County,
Heartland Midwest,1,United States,us,US-MO,Warren County,
Heartland Midwest,1,United States,us,US-MO,Washington County,
Heartland Midwest,1,United States,us,US-MO,Worth County,
Heartland Midwest,1,United States,us,US-MO,Callaway County,
Heartland Midwest,1,United States,us,US-MO,Camden County,
Heartland Midwest,1,United States,us,US-MO,Andrew County,
Heartland Midwest,1,United States,us,US-MO,Carroll County,
Heartland Midwest,1,United States,us,US-MO,Cass County,
Heartland Midwest,1,United States,us,US-MO,Chariton County,
Heartland Midwest,1,United States,us,US-MO,Clark County,
Heartland Midwest,1,United States,us,US-MO,Clay County,
Heartland Midwest,1,United States,us,US-MO,Clinton County,
Heartland Midwest,1,United States,us,US-MO,Atchison County,
Heartland Midwest,1,United States,us,US-MO,Cole County,
Heartland Midwest,1,United States,us,US-MO,Saint Louis City,
Heartland Midwest,1,United States,us,US-MO,Cooper County,
Heartland Midwest,1,United States,us,US-MO,Crawford County,
Heartland Midwest,1,United States,us,US-MO,Daviess County,
Heartland Midwest,1,United States,us,US-MO,DeKalb County,
Heartland Midwest,1,United States,us,US-MO,Audrain County,
Heartland Midwest,1,United States,us,US-MO,Franklin County,
Heartland Midwest,1,United States,us,US-MO,Gasconade County,
Heartland Midwest,1,United States,us,US-MO,Gentry County,
Heartland Midwest,1,United States,us,US-MO,Grundy County,
Heartland Midwest,1,United States,us,US-MO,Harrison County,
Heartland Midwest,1,United States,us,US-MO,Henry County,
Heartland Midwest,1,United States,us,US-MO,Hickory County,
Heartland Midwest,1,United States,us,US-MO,Holt County,
Heartland Midwest,1,United States,us,US-MO,Howard County,
Heartland Midwest,1,United States,us,US-MO,Jackson County,
Heartland Midwest,1,United States,us,US-MO,Jefferson County,
Japan Blanket,1,Japan,jp,,,
Kansai,1,Japan,jp,,,51
Kansai,1,Japan,jp,,,52
Kansai,1,Japan,jp,,,53
Kansai,1,Japan,jp,,,54
Kansai,1,Japan,jp,,,55
Kansai,1,Japan,jp,,,56
Kansai,1,Japan,jp,,,57
Kansai,1,Japan,jp,,,58
Kansai,1,Japan,jp,,,59
Kansai,1,Japan,jp,,,60
Kansai,1,Japan,jp,,,61
Kansai,1,Japan,jp,,,62
Kansai,1,Japan,jp,,,63
Kansai,1,Japan,jp,,,64
Kansai,1,Japan,jp,,,65
Kansai,1,Japan,jp,,,66
Kansai,1,Japan,jp,,,67
Kanto,1,Japan,jp,,,10
Kanto,1,Japan,jp,,,11
Kanto,1,Japan,jp,,,12
Kanto,1,Japan,jp,,,13
Kanto,1,Japan,jp,,,14
Kanto,1,Japan,jp,,,15
Kanto,1,Japan,jp,,,16
Kanto,1,Japan,jp,,,17
Kanto,1,Japan,jp,,,18
Kanto,1,Japan,jp,,,19
Kanto,1,Japan,jp,,,20
Kanto,1,Japan,jp,,,21
Kanto,1,Japan,jp,,,22
Kanto,1,Japan,jp,,,23
Kanto,1,Japan,jp,,,24
Kanto,1,Japan,jp,,,25
Kanto,1,Japan,jp,,,26
Kanto,1,Japan,jp,,,27
Kanto,1,Japan,jp,,,28
Kanto,1,Japan,jp,,,29
Kanto,1,Japan,jp,,,30
Kanto,1,Japan,jp,,,31
Kanto,1,Japan,jp,,,32
Kanto,1,Japan,jp,,,33
Kanto,1,Japan,jp,,,34
Kanto,1,Japan,jp,,,35
Kanto,1,Japan,jp,,,36
Kanto,1,Japan,jp,,,37
Mexico Blanket,1,Mexico,mx,,,
United States Blanket,1,United States,us,,,
Alberta,2,Canada,ca,CA-AB,,
Atlantic Canada,2,Canada,ca,CA-NB,,
Atlantic Canada,2,Canada,ca,CA-NL,,
Atlantic Canada,2,Canada,ca,CA-NS,,
Atlantic Canada,2,Canada,ca,CA-PE,,
Australia,2,Australia,au,,,
Austria,2,Austria,at,,,
Belgium,2,Belgium,be,,,
Carolinas,2,United States,us,US-NC,,
Carolinas,2,United States,us,US-SC,,
Chubu,2,Japan,jp,,,38
Chubu,2,Japan,jp,,,39
Chubu,2,Japan,jp,,,40
Chubu,2,Japan,jp,,,41
Chubu,2,Japan,jp,,,42
Chubu,2,Japan,jp,,,43
Chubu,2,Japan,jp,,,44
Chubu,2,Japan,jp,,,45
Chubu,2,Japan,jp,,,46
Chubu,2,Japan,jp,,,47
Chubu,2,Japan,jp,,,48
Chubu,2,Japan,jp,,,49
Chubu,2,Japan,jp,,,50
East Mexico,2,Mexico,mx,MX-HID,,
East Mexico,2,Mexico,mx,MX-PUE,,
East Mexico,2,Mexico,mx,MX-TLA,,
East Mexico,2,Mexico,mx,MX-VER,,
Germany,2,Germany,de,,,
Inland/Gulf Southeast,2,United States,us,US-AL,,
Inland/Gulf Southeast,2,United States,us,US-FL,Escambia County,
Inland/Gulf Southeast,2,United States,us,US-FL,Okaloosa County,
Inland/Gulf Southeast,2,United States,us,US-FL,Santa Rosa County,
Inland/Gulf Southeast,2,United States,us,US-FL,Walton County,
Inland/Gulf Southeast,2,United States,us,US-KY,Allen County,
Inland/Gulf Southeast,2,United States,us,US-KY,Ballard County,
Inland/Gulf Southeast,2,United States,us,US-KY,Barren County,
Inland/Gulf Southeast,2,United States,us,US-KY,Butler County,
Inland/Gulf Southeast,2,United States,us,US-KY,Caldwell County,
Inland/Gulf Southeast,2,United States,us,US-KY,Calloway County,
Inland/Gulf Southeast,2,United States,us,US-KY,Carlisle County,
Inland/Gulf Southeast,2,United States,us,US-KY,Christian County,
Inland/Gulf Southeast,2,United States,us,US-KY,Crittenden County,
Inland/Gulf Southeast,2,United States,us,US-KY,Edmonson County,
Inland/Gulf Southeast,2,United States,us,US-KY,Fulton County,
Inland/Gulf Southeast,2,United States,us,US-KY,Graves County,
Inland/Gulf Southeast,2,United States,us,US-KY,Green County,
Inland/Gulf Southeast,2,United States,us,US-KY,Hart County,
Inland/Gulf Southeast,2,United States,us,US-KY,Hickman County,
Inland/Gulf Southeast,2,United States,us,US-KY,Livingston County,
Inland/Gulf Southeast,2,United States,us,US-KY,Logan County,
Inland/Gulf Southeast,2,United States,us,US-KY,Lyon County,
Inland/Gulf Southeast,2,United States,us,US-KY,McCracken County,
Inland/Gulf Southeast,2,United States,us,US-KY,Marshall County,
Inland/Gulf Southeast,2,United States,us,US-KY,Metcalfe County,
Inland/Gulf Southeast,2,United States,us,US-KY,Monroe County,
Inland/Gulf Southeast,2,United States,us,US-KY,Simpson County,
Inland/Gulf Southeast,2,United States,us,US-KY,Todd County,
Inland/Gulf Southeast,2,United States,us,US-KY,Trigg County,
Inland/Gulf Southeast,2,United States,us,US-KY,Warren County,
Inland/Gulf Southeast,2,United States,us,US-LA,,
Inland/Gulf Southeast,2,United States,us,US-MS,,
Inland/Gulf Southeast,2,United States,us,US-TN,,
Kyushu,2,Japan,jp,,,80
Kyushu,2,Japan,jp,,,81
Kyushu,2,Japan,jp,,,82
Kyushu,2,Japan,jp,,,83
Kyushu,2,Japan,jp,,,84
Kyushu,2,Japan,jp,,,85
Kyushu,2,Japan,jp,,,86
Kyushu,2,Japan,jp,,,87
Kyushu,2,Japan,jp,,,88
Kyushu,2,Japan,jp,,,89
Luxembourg,2,Luxembourg,lu,,,
Manitoba,2,Canada,ca,CA-MB,,
Mid-South,2,United States,us,US-AR,,
Mid-South,2,United States,us,US-KS,Allen County,
Mid-South,2,United States,us,US-KS,Anderson County,
Mid-South,2,United States,us,US-KS,Barber County,
Mid-South,2,United States,us,US-KS,Barton County,
Mid-South,2,United States,us,US-KS,Bourbon County,
Mid-South,2,United States,us,US-KS,Butler County,
Mid-South,2,United States,us,US-KS,Chase County,
Mid-South,2,United States,us,US-KS,Chautauqua County,
Mid-South,2,United States,us,US-KS,Cherokee County,
Mid-South,2,United States,us,US-KS,Cheyenne County,
Mid-South,2,United States,us,US-KS,Clark County,
Mid-South,2,United States,us,US-KS,Clay County,
Mid-South,2,United States,us,US-KS,Cloud County,
Mid-South,2,United States,us,US-KS,Coffey County,
Mid-South,2,United States,us,US-KS,Comanche County,
Mid-South,2,United States,us,US-KS,Cowley County,
Mid-South,2,United States,us,US-KS,Crawford County,
Mid-South,2,United States,us,US-KS,Decatur County,
Mid-South,2,United States,us,US-KS,Dickinson County,
Mid-South,2,United States,us,US-KS,Edwards County,
Mid-South,2,United States,us,US-KS,Elk County,
Mid-South,2,United States,us,US-KS,Ellis County,
Mid-South,2,United States,us,US-KS,Ellsworth County,
Mid-South,2,United States,us,US-KS,Finney County,
Mid-South,2,United States,us,US-KS,Ford County,
Mid-South,2,United States,us,US-KS,Geary County,
Mid-South,2,United States,us,US-KS,Gove County,
Mid-South,2,United States,us,US-KS,Graham County,
Mid-South,2,United States,us,US-KS,Grant County,
Mid-South,2,United States,us,US-KS,Gray County,
Mid-South,2,United States,us,US-KS,Greeley County,
Mid-South,2,United States,us,US-KS,Greenwood County,
Mid-South,2,United States,us,US-KS,Hamilton County,
Mid-South,2,United States,us,US-KS,Harper County,
Mid-South,2,United States,us,US-KS,Harvey County,
Mid-South,2,United States,us,US-KS,Haskell County,
Mid-South,2,United States,us,US-KS,Hodgeman County,
Mid-South,2,United States,us,US-KS,Jewell County,
Mid-South,2,United States,us,US-KS,Kearny County,
Mid-South,2,United States,us,US-KS,Kingman County,
Mid-South,2,United States,us,US-KS,Kiowa County,
Mid-South,2,United States,us,US-KS,Labette County,
Mid-South,2,United States,us,US-KS,Lane County,
Mid-South,2,United States,us,US-KS,Lincoln County,
Mid-South,2,United States,us,US-KS,Linn County,
Mid-South,2,United States,us,US-KS,Logan County,
Mid-South,2,United States,us,US-KS,Lyon County,
Mid-South,2,United States,us,US-KS,Marion County,
Mid-South,2,United States,us,US-KS,McPherson County,
Mid-South,2,United States,us,US-KS,Meade County,
Mid-South,2,United States,us,US-KS,Mitchell County,
Mid-South,2,United States,us,US-KS,Montgomery County,
Mid-South,2,United States,us,US-KS,Morris County,
Mid-South,2,United States,us,US-KS,Morton County,
Mid-South,2,United States,us,US-KS,Neosho County,
Mid-South,2,United States,us,US-KS,Ness County,
Mid-South,2,United States,us,US-KS,Norton County,
Mid-South,2,United States,us,US-KS,Osage County,
Mid-South,2,United States,us,US-KS,Osborne County,
Mid-South,2,United States,us,US-KS,Ottawa County,
Mid-South,2,United States,us,US-KS,Pawnee County,
Mid-South,2,United States,us,US-KS,Phillips County,
Mid-South,2,United States,us,US-KS,Pottawatomie County,
Mid-South,2,United States,us,US-KS,Pratt County,
Mid-South,2,United States,us,US-KS,Rawlins County,
Mid-South,2,United States,us,US-KS,Reno County,
Mid-South,2,United States,us,US-KS,Rice County,
Mid-South,2,United States,us,US-KS,Riley County,
Mid-South,2,United States,us,US-KS,Rooks County,
Mid-South,2,United States,us,US-KS,Rush County,
Mid-South,2,United States,us,US-KS,Russell County,
Mid-South,2,United States,us,US-KS,Saline County,
Mid-South,2,United States,us,US-KS,Scott County,
Mid-South,2,United States,us,US-KS,Sedgwick County,
Mid-South,2,United States,us,US-KS,Seward County,
Mid-South,2,United States,us,US-KS,Sheridan County,
Mid-South,2,United States,us,US-KS,Sherman County,
Mid-South,2,United States,us,US-KS,Smith County,
Mid-South,2,United States,us,US-KS,Stafford County,
Mid-South,2,United States,us,US-KS,Stanton County,
Mid-South,2,United States,us,US-KS,Stevens County,
Mid-South,2,United States,us,US-KS,Sumner County,
Mid-South,2,United States,us,US-KS,Thomas County,
Mid-South,2,United States,us,US-KS,Trego County,
Mid-South,2,United States,us,US-KS,Wabaunsee County,
Mid-South,2,United States,us,US-KS,Wallace County,
Mid-South,2,United States,us,US-KS,Wichita County,
Mid-South,2,United States,us,US-KS,Wilson County,
Mid-South,2,United States,us,US-KS,Woodson County,
Mid-South,2,United States,us,US-MO,Laclede County,
Mid-South,2,United States,us,US-MO,Lawrence County,
Mid-South,2,United States,us,US-MO,Barton County,
Mid-South,2,United States,us,US-MO,McDonald County,
Mid-South,2,United States,us,US-MO,Madison County,
Mid-South,2,United States,us,US-MO,Bates County,
Mid-South,2,United States,us,US-MO,Mississippi County,
Mid-South,2,United States,us,US-MO,New Madrid County,
Mid-South,2,United States,us,US-MO,Newton County,
Mid-South,2,United States,us,US-MO,Oregon County,
Mid-South,2,United States,us,US-MO,Ozark County,
Mid-South,2,United States,us,US-MO,Pemiscot County,
Mid-South,2,United States,us,US-MO,Phelps County,
Mid-South,2,United States,us,US-MO,Polk County,
Mid-South,2,United States,us,US-MO,Pulaski County,
Mid-South,2,United States,us,US-MO,Bollinger County,
Mid-South,2,United States,us,US-MO,Reynolds County,
Mid-South,2,United States,us,US-MO,Ripley County,
Mid-South,2,United States,us,US-MO,Saint Clair County,
Mid-South,2,United States,us,US-MO,Scott County,
Mid-South,2,United States,us,US-MO,Shannon County,
Mid-South,2,United States,us,US-MO,Stoddard County,
Mid-South,2,United States,us,US-MO,Stone County,
Mid-South,2,United States,us,US-MO,Taney County,
Mid-South,2,United States,us,US-MO,Texas County,
Mid-South,2,United States,us,US-MO,Vernon County,
Mid-South,2,United States,us,US-MO,Wayne County,
Mid-South,2,United States,us,US-MO,Webster County,
Mid-South,2,United States,us,US-MO,Wright County,
Mid-South,2,United States,us,US-MO,Butler County,
Mid-South,2,United States,us,US-MO,Caldwell County,
Mid-South,2,United States,us,US-MO,Cape Girardeau County,
Mid-South,2,United States,us,US-MO,Carter County,
Mid-South,2,United States,us,US-MO,Cedar County,
Mid-South,2,United States,us,US-MO,Christian County,
Mid-South,2,United States,us,US-MO,Dade County,
Mid-South,2,United States,us,US-MO,Dallas County,
Mid-South,2,United States,us,US-MO,Dent County,
Mid-South,2,United States,us,US-MO,Douglas County,
Mid-South,2,United States,us,US-MO,Dunklin County,
Mid-South,2,United States,us,US-MO,Greene County,
Mid-South,2,United States,us,US-MO,Barry County,
Mid-South,2,United States,us,US-MO,Howell County,
Mid-South,2,United States,us,US-MO,Iron County,
Mid-South,2,United States,us,US-MO,Jasper County,
Mid-South,2,United States,us,US-OK,,
Netherlands,2,Netherlands,nl,,,
North Central MX,2,Mexico,mx,MX-AGU,,
North Central MX,2,Mexico,mx,MX-GUA,,
North Central MX,2,Mexico,mx,MX-QUE,,
North Central MX,2,Mexico,mx,MX-SLP,,
North Central MX,2,Mexico,mx,MX-ZAC,,
Northeast MX,2,Mexico,mx,MX-COA,,
Northeast MX,2,Mexico,mx,MX-NLE,,
Northeast MX,2,Mexico,mx,MX-TAM,,
Northwest MX,2,Mexico,mx,MX-CHH,,
Northwest MX,2,Mexico,mx,MX-DUR,,
Northwest MX,2,Mexico,mx,MX-SIN,,
Northwest MX,2,Mexico,mx,MX-SON,,
Saskatchewan,2,Canada,ca,CA-SK,,
South Mexico,2,Mexico,mx,MX-CHP,,
South Mexico,2,Mexico,mx,MX-GRO,,
South Mexico,2,Mexico,mx,MX-MOR,,
South Mexico,2,Mexico,mx,MX-OAX,,
Switzerland,2,Switzerland,ch,,,
Tristate,2,United States,us,US-NY,Bronx County,
Tristate,2,United States,us,US-NY,Kings County,
Tristate,2,United States,us,US-NY,Nassau County,
Tristate,2,United States,us,US-NY,New York County,
Tristate,2,United States,us,US-NY,Queens County,
Tristate,2,United States,us,US-NY,Richmond County,
Tristate,2,United States,us,US-NY,Rockland County,
Tristate,2,United States,us,US-NY,Suffolk County,
Tristate,2,United States,us,US-NY,Westchester County,
Upstate NY,2,United States,us,US-NY,Albany County,
Upstate NY,2,United States,us,US-NY,Allegany County,
Upstate NY,2,United States,us,US-NY,Broome County,
Upstate NY,2,United States,us,US-NY,Cattaraugus County,
Upstate NY,2,United States,us,US-NY,Cayuga County,
Upstate NY,2,United States,us,US-NY,Chautauqua County,
Upstate NY,2,United States,us,US-NY,Chemung County,
Upstate NY,2,United States,us,US-NY,Chenango County,
Upstate NY,2,United States,us,US-NY,Clinton County,
Upstate NY,2,United States,us,US-NY,Columbia County,
Upstate NY,2,United States,us,US-NY,Cortland County,
Upstate NY,2,United States,us,US-NY,Delaware County,
Upstate NY,2,United States,us,US-NY,Dutchess County,
Upstate NY,2,United States,us,US-NY,Erie County,
Upstate NY,2,United States,us,US-NY,Essex County,
Upstate NY,2,United States,us,US-NY,Franklin County,
Upstate NY,2,United States,us,US-NY,Fulton County,
Upstate NY,2,United States,us,US-NY,Genesee County,
Upstate NY,2,United States,us,US-NY,Greene County,
Upstate NY,2,United States,us,US-NY,Hamilton County,
Upstate NY,2,United States,us,US-NY,Herkimer County,
Upstate NY,2,United States,us,US-NY,Jefferson County,
Upstate NY,2,United States,us,US-NY,Lewis County,
Upstate NY,2,United States,us,US-NY,Livingston County,
Upstate NY,2,United States,us,US-NY,Madison County,
Upstate NY,2,United States,us,US-NY,Monroe County,
Upstate NY,2,United States,us,US-NY,Montgomery County,
Upstate NY,2,United States,us,US-NY,Niagara County,
Upstate NY,2,United States,us,US-NY,Oneida County,
Upstate NY,2,United States,us,US-NY,Onondaga County,
Upstate NY,2,United States,us,US-NY,Ontario County,
Upstate NY,2,United States,us,US-NY,Orange County,
Upstate NY,2,United States,us,US-NY,Orleans County,
Upstate NY,2,United States,us,US-NY,Oswego County,
Upstate NY,2,United States,us,US-NY,Otsego County,
Upstate NY,2,United States,us,US-NY,Putnam County,
Upstate NY,2,United States,us,US-NY,Rensselaer County,
Upstate NY,2,United States,us,US-NY,St. Lawrence County,
Upstate NY,2,United States,us,US-NY,Saratoga County,
Upstate NY,2,United States,us,US-NY,Schenectady County,
Upstate NY,2,United States,us,US-NY,Schoharie County,
Upstate NY,2,United States,us,US-NY,Schuyler County,
Upstate NY,2,United States,us,US-NY,Seneca County,
Upstate NY,2,United States,us,US-NY,Steuben County,
Upstate NY,2,United States,us,US-NY,Sullivan County,
Upstate NY,2,United States,us,US-NY,Tioga County,
Upstate NY,2,United States,us,US-NY,Tompkins County,
Upstate NY,2,United States,us,US-NY,Ulster County,
Upstate NY,2,United States,us,US-NY,Warren County,
Upstate NY,2,United States,us,US-NY,Washington County,
Upstate NY,2,United States,us,US-NY,Wayne County,
Upstate NY,2,United States,us,US-NY,Wyoming County,
Upstate NY,2,United States,us,US-NY,Yates County,
West Mexico,2,Mexico,mx,MX-COL,,
West Mexico,2,Mexico,mx,MX-JAL,,
West Mexico,2,Mexico,mx,MX-MIC,,
West Mexico,2,Mexico,mx,MX-NAY,,
Yucatan Peninsula,2,Mexico,mx,MX-CAM,,
Yucatan Peninsula,2,Mexico,mx,MX-ROO,,
Yucatan Peninsula,2,Mexico,mx,MX-TAB,,
Yucatan Peninsula,2,Mexico,mx,MX-YUC,,
Alaska,3,United States,us,US-AK,,
Bolivarian North,3,Bolivia,bo,,,
Bolivarian North,3,Colombia,co,,,
Bolivarian North,3,Ecuador,ec,,,
Bolivarian North,3,French Guiana,fr,FR-973,,
Bolivarian North,3,Guyana,gy,,,
Bolivarian North,3,Peru,pe,,,
Bolivarian North,3,Suriname,sr,,,
Bolivarian North,3,Venezuela,ve,,,
Brazil,3,Brazil,br,,,
Caribbean,3,Aruba,nl,NL-AW,,
Caribbean,3,Bahamas,bs,,,
Caribbean,3,Barbados,bb,,,
Caribbean,3,Cuba,cu,,,
Caribbean,3,Dominica,dm,,,
Caribbean,3,Dominican Republic,do,,,
Caribbean,3,Haiti,ht,,,
Caribbean,3,Jamaica,jm,,,
Caribbean,3,Puerto Rico,us,US-PR,,
Caribbean,3,Saint Lucia,lc,,,
Caribbean,3,Trinidad & Tobago,tt,,,
Caribbean,3,Virgin Islands,us,US-VI,,
Central America,3,Belize,bz,,,
Central America,3,Costa Rica,cr,,,
Central America,3,El Salvador,sv,,,
Central America,3,Guatemala,gt,,,
Central America,3,Honduras,hn,,,
Central America,3,Nicaragua,ni,,,
Central America,3,Panama,pa,,,
Chugoku,3,Japan,jp,,,68
Chugoku,3,Japan,jp,,,69
Chugoku,3,Japan,jp,,,70
Chugoku,3,Japan,jp,,,71
Chugoku,3,Japan,jp,,,72
Chugoku,3,Japan,jp,,,73
Chugoku,3,Japan,jp,,,74
Chugoku,3,Japan,jp,,,75
East Asia,3,China,cn,,,
East Asia,3,Hong Kong,cn,CN-HK,,
East Asia,3,Mongolia,mn,,,
East Asia,3,North Korea,kp,,,
East Asia,3,South Korea,kr,,,
East Asia,3,Taiwan,tw,,,
Eastern Europe,3,Armenia,am,,,
Eastern Europe,3,Azerbaijan,az,,,
Eastern Europe,3,Belarus,by,,,
Eastern Europe,3,Estonia,ee,,,
Eastern Europe,3,Georgia,ge,,,
Eastern Europe,3,Kazakhstan,kz,,,
Eastern Europe,3,Kyrgyzstan,kg,,,
Eastern Europe,3,Latvia,lv,,,
Eastern Europe,3,Lithuania,lt,,,
Eastern Europe,3,Russia,ru,,,
Eastern Europe,3,Tajikistan,tj,,,
Eastern Europe,3,Turkmenistan,tm,,,
Eastern Europe,3,Uzbekistan,uz,,,
Everything Else,3,,,,,
Greece,3,Greece,gr,,,
Hawaii,3,United States,us,US-HI,,
Hokkaido,3,Japan,jp,,,00
Hokkaido,3,Japan,jp,,,04
Hokkaido,3,Japan,jp,,,05
Hokkaido,3,Japan,jp,,,06
Hokkaido,3,Japan,jp,,,07
Hokkaido,3,Japan,jp,,,08
Hokkaido,3,Japan,jp,,,09
Hokuriku,3,Japan,jp,,,91
Hokuriku,3,Japan,jp,,,92
Hokuriku,3,Japan,jp,,,93
Hokuriku,3,Japan,jp,,,94
Hokuriku,3,Japan,jp,,,95
Ireland,3,Ireland,ie,,,
Italy,3,Italy,it,,,
Middle East,3,Bahrain,bh,,,
Middle East,3,Israel,il,,,
Middle East,3,Kuwait,kw,,,
Middle East,3,Lebanon,lb,,,
Middle East,3,Qatar,qa,,,
Middle East,3,Saudi Arabia,sa,,,
Middle East,3,United Arab Emirates,ae,,,
New Zealand,3,New Zealand,nz,,,
Northern EU,3,Denmark,dk,,,
Northern EU,3,Finland,fi,,,
Northern EU,3,Iceland,is,,,
Northern EU,3,Norway,no,,,
Northern EU,3,Sweden,se,,,
Okinawa,3,Japan,jp,,,90
Portugal,3,Portugal,pt,,,
Shikoku,3,Japan,jp,,,76
Shikoku,3,Japan,jp,,,77
Shikoku,3,Japan,jp,,,78
Shikoku,3,Japan,jp,,,79
Southeast Asia,3,Brunei,bn,,,
Southeast Asia,3,Cambodia,kh,,,
Southeast Asia,3,Indonesia,id,,,
Southeast Asia,3,Laos,la,,,
Southeast Asia,3,Malaysia,my,,,
Southeast Asia,3,Myanmar,mm,,,
Southeast Asia,3,Philippines,ph,,,
Southeast Asia,3,Singapore,sg,,,
Southeast Asia,3,Thailand,th,,,
Southeast Asia,3,Timor-Leste,tl,,,
Southeast Asia,3,Viet Nam,vn,,,
Southern Cone,3,Argentina,ar,,,
Southern Cone,3,Chile,cl,,,
Southern Cone,3,Falkland Islands,fk,,,
Southern Cone,3,Paraguay,py,,,
Southern Cone,3,Uruguay,uy,,,
Tohoku,3,Japan,jp,,,96
Tohoku,3,Japan,jp,,,97
Tohoku,3,Japan,jp,,,98
Tohoku,3,Japan,jp,,,99
Tohoku,3,Japan,jp,,,01
Tohoku,3,Japan,jp,,,02
Tohoku,3,Japan,jp,,,03