Category,Note,Player,Start.gg Hex ID,Start.gg Num ID,Points
0 - OrionRank,OrionRank 2022 #001,MkLeo,3f297e74,222927,350
0 - OrionRank,OrionRank 2022 #002,あcola,830dec1e,2691639,350
0 - OrionRank,OrionRank 2022 #003,Sparg0,b5230de8,158026,350
0 - OrionRank,OrionRank 2022 #004,Light,e2974569,158871,350
0 - OrionRank,OrionRank 2022 #005,Shuton,993a6b60,226829,350
0 - OrionRank,OrionRank 2022 #006,Tea,ab90c078,695882,300
0 - OrionRank,OrionRank 2022 #007,ProtoBanham,849ebfbf,1041641,300
0 - OrionRank,OrionRank 2022 #008,Tweek,0d650c15,15768,300
0 - OrionRank,OrionRank 2022 #009,Glutonny,7611d833,6122,300
0 - OrionRank,OrionRank 2022 #010,Onin,55206a63,1063610,300
0 - OrionRank,OrionRank 2022 #011,Riddles,03d3a671,160464,250
0 - OrionRank,OrionRank 2022 #012,SALTONE,86e42aaa,18802,250
0 - OrionRank,OrionRank 2022 #013,Dabuz,b0203282,4702,250
0 - OrionRank,OrionRank 2022 #014,Sonix,0301d9f0,258371,250
0 - OrionRank,OrionRank 2022 #015,ヨシドラ,9568f351,1151910,250
0 - OrionRank,OrionRank 2022 #016,Maister,9fb774ae,135042,200
0 - OrionRank,OrionRank 2022 #017,KEN,8881ab7d,212701,200
0 - OrionRank,OrionRank 2022 #018,Zomba,880cbc79,370802,200
0 - OrionRank,OrionRank 2022 #019,Kameme,7472527c,197485,200
0 - OrionRank,OrionRank 2022 #020,ミーヤー,d8016ec8,1636582,200
0 - OrionRank,OrionRank 2022 #021,Sisqui,e97f144e,539193,150
0 - OrionRank,OrionRank 2022 #022,へろー,dba21096,1647076,150
0 - OrionRank,OrionRank 2022 #023,Bloom4Eva,17afe34e,1198828,150
0 - OrionRank,OrionRank 2022 #024,Kurama,d59004ad,175623,150
0 - OrionRank,OrionRank 2022 #025,Asimo,ffa84c87,1569435,150
0 - OrionRank,OrionRank 2022 #026,Gackt,e8f0cdcd,484575,140
0 - OrionRank,OrionRank 2022 #027,Cosmos,f43bf52f,64466,140
0 - OrionRank,OrionRank 2022 #028,zackray,181880b7,498962,140
0 - OrionRank,OrionRank 2022 #029,Anathema,3351cf4f,71203,140
0 - OrionRank,OrionRank 2022 #030,Jakal,8cacea70,231113,140
0 - OrionRank,OrionRank 2022 #031,MuteAce,284d5644,44865,130
0 - OrionRank,OrionRank 2022 #032,ApolloKage,ca0e602a,1099727,130
0 - OrionRank,OrionRank 2022 #033,Big D,67dab81e,21504,130
0 - OrionRank,OrionRank 2022 #034,Lui$,00b68019,173403,130
0 - OrionRank,OrionRank 2022 #035,Ned,36ba38db,39054,130
0 - OrionRank,OrionRank 2022 #036,Jake,1e90eb40,532139,120
0 - OrionRank,OrionRank 2022 #037,Fatality,213213f6,15921,120
0 - OrionRank,OrionRank 2022 #038,HIKARU,b905cb9a,323524,120
0 - OrionRank,OrionRank 2022 #039,Marss,083f2f7a,39206,120
0 - OrionRank,OrionRank 2022 #040,ヤウラ,5e9efb3c,2331494,120
0 - OrionRank,OrionRank 2022 #041,Chag,c5e8b49a,70916,110
0 - OrionRank,OrionRank 2022 #042,Scend,574b3c34,28679,110
0 - OrionRank,OrionRank 2022 #043,Kome,0910174c,320526,110
0 - OrionRank,OrionRank 2022 #044,Abadango,85a82016,23241,110
0 - OrionRank,OrionRank 2022 #045,Tilde,f32b3276,525344,110
0 - OrionRank,OrionRank 2022 #046,Ouch!?,5dba9df5,300502,110
0 - OrionRank,OrionRank 2022 #047,Paseriman,28b69bad,544593,110
0 - OrionRank,OrionRank 2022 #048,Aaron,3f44b63e,29773,110
0 - OrionRank,OrionRank 2022 #049,MASA,c8cc35c8,559890,110
0 - OrionRank,OrionRank 2022 #050,Nietono,dfe0668e,31697,110
0 - OrionRank,OrionRank 2022 #051,BassMage,1072c31f,229756,100
0 - OrionRank,OrionRank 2022 #052,Mr.R,2df8b2c9,14411,100
0 - OrionRank,OrionRank 2022 #053,MKBigBoss,60bedceb,546734,100
0 - OrionRank,OrionRank 2022 #054,Repo,2f69f3c8,1276498,100
0 - OrionRank,OrionRank 2022 #055,goblin deez,e2b415de,57020,100
0 - OrionRank,OrionRank 2022 #056,Tarik,b78faa57,215623,100
0 - OrionRank,OrionRank 2022 #057,Skyjay,f5b6768a,961165,100
0 - OrionRank,OrionRank 2022 #058,Shirayuki,deb476b0,1494087,100
0 - OrionRank,OrionRank 2022 #059,Sigma,c85ce835,569216,100
0 - OrionRank,OrionRank 2022 #060,MVD,7be9196d,21460,100
0 - OrionRank,OrionRank 2022 #061,Rizeasu,fd635518,533753,90
0 - OrionRank,OrionRank 2022 #062,Lima,b26c2ab1,216617,90
0 - OrionRank,OrionRank 2022 #063,DIO,9ecf6867,1335040,90
0 - OrionRank,OrionRank 2022 #064,quiK,a488aa5c,6872,90
0 - OrionRank,OrionRank 2022 #065,Huto,95a90b8f,498225,90
0 - OrionRank,OrionRank 2022 #066,jaredisking1,2081bbaa,261271,90
0 - OrionRank,OrionRank 2022 #067,Syrup,0f333fd3,1216463,90
0 - OrionRank,OrionRank 2022 #068,SHADIC,8c295120,823045,90
0 - OrionRank,OrionRank 2022 #069,yonni,202e52e8,1989582,90
0 - OrionRank,OrionRank 2022 #070,Space,234cbf40,180857,90
0 - OrionRank,OrionRank 2022 #071,Ling,f8345700,58121,80
0 - OrionRank,OrionRank 2022 #072,Atelier,d6657d35,553122,80
0 - OrionRank,OrionRank 2022 #073,Raflow,1e53f5f2,1352543,80
0 - OrionRank,OrionRank 2022 #074,Noi,9b3c0744,1342372,80
0 - OrionRank,OrionRank 2022 #075,AlanDiss,46ff138e,128243,80
0 - OrionRank,OrionRank 2022 #076,Luugi,57bd7962,1777711,80
0 - OrionRank,OrionRank 2022 #077,Dark Wizzy,9539ce78,249838,80
0 - OrionRank,OrionRank 2022 #078,Peabnut,9160966b,49302,80
0 - OrionRank,OrionRank 2022 #079,WaDi,0a66b04b,160113,80
0 - OrionRank,OrionRank 2022 #080,アカキクス,f3d4fad1,1857350,80
0 - OrionRank,OrionRank 2022 #081,Myran,266882d2,24641,70
0 - OrionRank,OrionRank 2022 #082,ESAM,0d82ea3f,19622,70
0 - OrionRank,OrionRank 2022 #083,じょうぎぶ,a064a355,1487005,70
0 - OrionRank,OrionRank 2022 #084,WaKa,cb6001b4,504366,70
0 - OrionRank,OrionRank 2022 #085,Leon,b6859efe,5604,70
0 - OrionRank,OrionRank 2022 #086,Oryon,ac800e16,977863,70
0 - OrionRank,OrionRank 2022 #087,DDee,e6d10518,1480393,70
0 - OrionRank,OrionRank 2022 #088,ChunkyKong,419ccc4e,1215486,70
0 - OrionRank,OrionRank 2022 #089,ShinyMark,1cbc6e18,184005,70
0 - OrionRank,OrionRank 2022 #090,ヤマナクション,902ef190,1405882,70
0 - OrionRank,OrionRank 2022 #091,IcyMist,1466a72e,147658,60
0 - OrionRank,OrionRank 2022 #092,Mugen,0895a60d,71079,60
0 - OrionRank,OrionRank 2022 #093,Zinoto,9c882d5c,3662,60
0 - OrionRank,OrionRank 2022 #094,Munekin,db6ec18d,1336568,60
0 - OrionRank,OrionRank 2022 #095,Umeki,e4d2585c,30009,60
0 - OrionRank,OrionRank 2022 #096,たいけい,755e1bd3,2146899,60
0 - OrionRank,OrionRank 2022 #097,トウラ,7098c985,1218808,60
0 - OrionRank,OrionRank 2022 #098,Quandale Dinglelingleton,a16e8ea8,2286649,60
0 - OrionRank,OrionRank 2022 #099,ATATA,f4da6f4a,38148,60
0 - OrionRank,OrionRank 2022 #100,Jdizzle,bd2ad28b,61140,60
0 - OrionRank,OrionRank 2022 #101,Andrik,e038fce4,131374,50
0 - OrionRank,OrionRank 2022 #102,LeoN,019acc74,147246,50
0 - OrionRank,OrionRank 2022 #103,Rox,7a992013,131359,50
0 - OrionRank,OrionRank 2022 #104,Choco,7b0a593e,498181,50
0 - OrionRank,OrionRank 2022 #105,Sriks,ca522668,46307,50
0 - OrionRank,OrionRank 2022 #106,Nitox,0d2a74af,1238871,50
0 - OrionRank,OrionRank 2022 #107,りど,dd009682,2249416,50
0 - OrionRank,OrionRank 2022 #108,Jahzz0,a7d34adf,946548,50
0 - OrionRank,OrionRank 2022 #109,skittles,10f6d095,157010,50
0 - OrionRank,OrionRank 2022 #110,Shogun,ee14e42c,159539,50
0 - OrionRank,OrionRank 2022 #111,Chase,88c50121,1648298,40
0 - OrionRank,OrionRank 2022 #112,eMass,08c6a082,325409,40
0 - OrionRank,OrionRank 2022 #113,Vendetta,a9ab0c5a,343421,40
0 - OrionRank,OrionRank 2022 #114,Nao,5f19eb43,498179,40
0 - OrionRank,OrionRank 2022 #115,Sinji,d187a98a,61591,40
0 - OrionRank,OrionRank 2022 #116,Cloudy,045bcc77,71251,40
0 - OrionRank,OrionRank 2022 #117,NaetorU,726d1e3d,999527,40
0 - OrionRank,OrionRank 2022 #118,enhancedpv,596edc66,655222,40
0 - OrionRank,OrionRank 2022 #119,alice,d8586cb2,969722,40
0 - OrionRank,OrionRank 2022 #120,Ikan,996d47bd,571090,40
0 - OrionRank,OrionRank 2022 #121,Puppeh,2a415fe4,352904,30
0 - OrionRank,OrionRank 2022 #122,Mr. E,ea8bf79c,15889,30
0 - OrionRank,OrionRank 2022 #123,Supahsemmie,b3a7a650,148529,30
0 - OrionRank,OrionRank 2022 #124,MoDzai,4fdc7279,1241546,30
0 - OrionRank,OrionRank 2022 #125,Niko,eb884b77,577598,30
0 - OrionRank,OrionRank 2022 #126,Vidad,12187717,1354812,30
0 - OrionRank,OrionRank 2022 #127,Chronos,5404a92e,959916,30
0 - OrionRank,OrionRank 2022 #128,Sean,ba56449f,24971,30
0 - OrionRank,OrionRank 2022 #129,EKING,7b1e5414,39038,30
0 - OrionRank,OrionRank 2022 #130,ZAKI,1e07fe22,216223,30
0 - OrionRank,OrionRank 2022 #131,MFA,54a03214,261185,30
0 - OrionRank,OrionRank 2022 #132,JDV,b2120d43,1532849,30
0 - OrionRank,OrionRank 2022 #133,Axiom XL,39696943,185155,30
0 - OrionRank,OrionRank 2022 #134,Teaser,53111d6b,675427,30
0 - OrionRank,OrionRank 2022 #135,chicken,da8746e9,944373,30
0 - OrionRank,OrionRank 2022 #136,らるくん,50b1e9a9,2691637,30
0 - OrionRank,OrionRank 2022 #137,Gen,c56b433f,160103,30
0 - OrionRank,OrionRank 2022 #138,Eim,95d23132,413245,100
0 - OrionRank,OrionRank 2022 #139,Longo,5be04182,36829,30
0 - OrionRank,OrionRank 2022 #140,T3 DOM,5b98dbba,798925,30
0 - OrionRank,OrionRank 2022 #141,AndresFn,efabe54a,140568,30
0 - OrionRank,OrionRank 2022 #142,Epic_Gabriel,d5ac543e,436376,30
0 - OrionRank,OrionRank 2022 #143,Justice,680ce885,368162,30
0 - OrionRank,OrionRank 2022 #144,Lv.1,98c978f4,1334871,30
0 - OrionRank,OrionRank 2022 #145,Larry Lurr,62859f49,1035,30
0 - OrionRank,OrionRank 2022 #146,Homika,a9b0bede,145949,30
0 - OrionRank,OrionRank 2022 #147,Lancelot,a18e37a5,158499,30
0 - OrionRank,OrionRank 2022 #148,Candle,9d88138d,1695284,30
0 - OrionRank,OrionRank 2022 #149,kept,058e05d7,567244,30
0 - OrionRank,OrionRank 2022 #150,Rocke,3d383799,1087831,30
0 - Other Values,Hidden Boss 1,Charliedaking,aaaa7ef3,14352,100
0 - Other Values,Hidden Boss 1,Etsuji,a644c3dd,336759,100
0 - Other Values,Hidden Boss 1,Kishiru,59a45626,942022,100
0 - Other Values,Hidden Boss 1,Lea,347db83d,360589,100
0 - Other Values,Hidden Boss 1,Leffen,d9935e84,4465,100
0 - Other Values,Hidden Boss 1,Quidd,26f6e7d3,1005189,100
0 - Other Values,Hidden Boss 1,Ranai,9a46c489,29874,100
0 - Other Values,Hidden Boss 1,Wrath,9e90ab19,70538,100
0 - Other Values,Hidden Boss 1,YB,,,100
0 - Other Values,Hidden Boss 1,Yei,c1358c01,1026031,100
0 - Other Values,Hidden Boss 1,ロン,0e0f7d26,1476863,100
0 - Other Values,Hidden Boss 1,9B,f2c5d405,31182,50
0 - Other Values,Hidden Boss 1,FOW,ded171a5,39317,50
0 - Other Values,Hidden Boss 1,Meru,95a2c1fe,46203,50
0 - Other Values,Hidden Boss 1,Rayquaza07,ffe231e5,20318,50
0 - Other Values,Hidden Boss 1,TV/シダレザクラ,a23993f0,1373670,50
0 - Other Values,Hidden Boss 1,はらせん,51991ec3,522388,50
0 - Other Values,Hidden Boss 2,AlanDiss,46ff138e,128243,100
0 - Other Values,Hidden Boss 2,alice,d8586cb2,969722,100
0 - Other Values,Hidden Boss 2,Atelier,d6657d35,553122,100
0 - Other Values,Hidden Boss 2,Desmona,b280f8d6,2248052,100
0 - Other Values,Hidden Boss 2,DIO,9ecf6867,1335040,100
0 - Other Values,Hidden Boss 2,Luugi,57bd7962,1777711,100
0 - Other Values,Hidden Boss 2,NaetorU,726d1e3d,999527,100
0 - Other Values,Hidden Boss 2,Nao,5f19eb43,498179,100
0 - Other Values,Hidden Boss 2,Quandale Dinglelingleton,a16e8ea8,2286649,100
0 - Other Values,Hidden Boss 2,Regalo,2117c0ff,353073,100
0 - Other Values,Hidden Boss 2,ShinyMark,1cbc6e18,184005,100
0 - Other Values,Hidden Boss 2,Tsumusuto,5159d478,535949,100
0 - Other Values,Hidden Boss 2,Umeki,e4d2585c,30009,100
0 - Other Values,Hidden Boss 2,WaDi,0a66b04b,160113,100
0 - Other Values,Hidden Boss 2,トウラ,7098c985,1218808,100
0 - Other Values,Hidden Boss 2,Apple,34ffea4c,1800877,50
0 - Other Values,Hidden Boss 2,BeJay !,9ddc7e3b,352393,50
0 - Other Values,Hidden Boss 2,BrickEnthusiast,29b631ce,41133,50
0 - Other Values,Hidden Boss 2,Cali,4f27dee5,136774,50
0 - Other Values,Hidden Boss 2,Chase,88c50121,1648298,50
0 - Other Values,Hidden Boss 2,Chronos,5404a92e,959916,50
0 - Other Values,Hidden Boss 2,Frido,bf3099bd,409149,50
0 - Other Values,Hidden Boss 2,Gen,c56b433f,160103,50
0 - Other Values,Hidden Boss 2,Grape,31641a38,1075048,50
0 - Other Values,Hidden Boss 2,Justice,680ce885,368162,50
0 - Other Values,Hidden Boss 2,Larry Lurr,62859f49,1035,50
0 - Other Values,Hidden Boss 2,MFA,54a03214,261185,50
0 - Other Values,Hidden Boss 2,MPg,60e688e9,1071318,50
0 - Other Values,Hidden Boss 2,Mr. E,ea8bf79c,15889,50
0 - Other Values,Hidden Boss 2,Ogey,4367c47d,64991,50
0 - Other Values,Hidden Boss 2,Peli,b8be32d2,51168,50
0 - Other Values,Hidden Boss 2,Puppeh,2a415fe4,352904,50
0 - Other Values,Hidden Boss 2,Riku,6c77f286,1042374,50
0 - Other Values,Hidden Boss 2,Sinji,d187a98a,61591,50
0 - Other Values,Hidden Boss 2,takera,88be6184,312953,50
0 - Other Values,Hidden Boss 2,TriM,fae9d8e3,542989,50
0 - Other Values,Hidden Boss 2,Tsubotsubo,11b43c66,986202,50
0 - Other Values,Hidden Boss 2,Vi,9fd2ea1d,1435556,50
0 - Other Values,Hidden Boss 2,Yez,60981a55,181832,50
0 - Other Values,Hidden Boss 2,yuzu,e5f1f16c,569727,50
0 - Other Values,Hidden Boss 2,オムアツ,3e9d9aa9,2209034,50
0 - Other Values,Hidden Boss 2,かになべ,88c26d6b,2496070,50
0 - Other Values,Hidden Boss 2,ふたりのきわみアー!,0767b98d,1498221,50
0 - Other Values,Hidden Boss 2,ましゃ,9e36af3c,564883,50
0 - Other Values,Hidden Boss 2,0mart,bf581031,41649,30
0 - Other Values,Hidden Boss 2,8BitMan,956af1ec,24835,30
0 - Other Values,Hidden Boss 2,ABR,579e2931,395473,30
0 - Other Values,Hidden Boss 2,Alab,08a8c25f,1323738,30
0 - Other Values,Hidden Boss 2,Allidar,f958d1b3,502661,30
0 - Other Values,Hidden Boss 2,Anality,095bdf20,526645,30
0 - Other Values,Hidden Boss 2,Ang,6889283e,135714,30
0 - Other Values,Hidden Boss 2,Asellus,68b2d006,401230,30
0 - Other Values,Hidden Boss 2,BHIO,6981461f,1036259,30
0 - Other Values,Hidden Boss 2,Blacktwins13,f37be93b,5796,30
0 - Other Values,Hidden Boss 2,BT.YAMATO,1e7e9ac2,359074,30
0 - Other Values,Hidden Boss 2,Capitancito,c32a7b3b,71105,30
0 - Other Values,Hidden Boss 2,Chokeyuken,4ecebd33,757697,30
0 - Other Values,Hidden Boss 2,crêpe salée,c28aec41,1292149,30
0 - Other Values,Hidden Boss 2,CurryGovernor,fa5d2535,276766,30
0 - Other Values,Hidden Boss 2,DarkThunder,bcf89b42,548005,30
0 - Other Values,Hidden Boss 2,DD,fee121a7,176067,30
0 - Other Values,Hidden Boss 2,Ferps,d790bc67,1685931,30
0 - Other Values,Hidden Boss 2,Flow,00d6d0ad,129129,30
0 - Other Values,Hidden Boss 2,Fryd Ryce,6f9fc495,1958750,30
0 - Other Values,Hidden Boss 2,FuerzaDON,1e917a9f,71448,30
0 - Other Values,Hidden Boss 2,Gachipi,07a754d8,2702463,30
0 - Other Values,Hidden Boss 2,H4,c3b9ec6d,1141720,30
0 - Other Values,Hidden Boss 2,Harlonga,434bcab8,565688,30
0 - Other Values,Hidden Boss 2,Haunter,cbc975e9,1321023,30
0 - Other Values,Hidden Boss 2,HIDE,3b4b191f,1490732,30
0 - Other Values,Hidden Boss 2,iStudying,91c82771,40884,30
0 - Other Values,Hidden Boss 2,Javi,ca50cbcd,205133,30
0 - Other Values,Hidden Boss 2,JaZaR,1739f3dc,375087,30
0 - Other Values,Hidden Boss 2,Jix,5207e9af,1347288,30
0 - Other Values,Hidden Boss 2,Joker,0914d5fd,62166,30
0 - Other Values,Hidden Boss 2,KirbyKid,1d711750,266516,30
0 - Other Values,Hidden Boss 2,LA GRIMACE,8c806428,345502,30
0 - Other Values,Hidden Boss 2,Longo,5be04182,36829,30
0 - Other Values,Hidden Boss 2,M4E,cd6a5253,8025,30
0 - Other Values,Hidden Boss 2,Mezcaul,15134af4,1406048,30
0 - Other Values,Hidden Boss 2,Monte,d1ece57f,1541586,30
0 - Other Values,Hidden Boss 2,morrocoYo,db6b8c4b,538881,30
0 - Other Values,Hidden Boss 2,Naskino,45aefbd3,50665,30
0 - Other Values,Hidden Boss 2,Neeroz,7600e893,173560,30
0 - Other Values,Hidden Boss 2,Neo,6839ebd5,1497801,30
0 - Other Values,Hidden Boss 2,Nicko,694aa77a,33941,30
0 - Other Values,Hidden Boss 2,Nito,3eb30a00,1122351,30
0 - Other Values,Hidden Boss 2,NoTag,7a797d47,351855,30
0 - Other Values,Hidden Boss 2,omega,823fda2c,24638,30
0 - Other Values,Hidden Boss 2,Otakuni,065a4462,187198,30
0 - Other Values,Hidden Boss 2,Peanut,01854808,1563062,30
0 - Other Values,Hidden Boss 2,Person,7d4f74fe,2776736,30
0 - Other Values,Hidden Boss 2,PkChris,5ea7eba7,414731,30
0 - Other Values,Hidden Boss 2,Ravenking,d48ed349,26888,30
0 - Other Values,Hidden Boss 2,Rinor,e26e3aca,182884,30
0 - Other Values,Hidden Boss 2,Romeo Santos,752d3ab1,2205508,30
0 - Other Values,Hidden Boss 2,SHARPYZAR,60a0ec22,183077,30
0 - Other Values,Hidden Boss 2,Silver,1435b862,62091,30
0 - Other Values,Hidden Boss 2,Sonido,1e9f8443,6905,30
0 - Other Values,Hidden Boss 2,Squidplumber,547aeff9,1063916,30
0 - Other Values,Hidden Boss 2,sssr,c014512f,2337581,30
0 - Other Values,Hidden Boss 2,Suarez,f64904ff,576268,30
0 - Other Values,Hidden Boss 2,T,4b7ef454,216405,30
0 - Other Values,Hidden Boss 2,Tooky,50863a0d,328340,30
0 - Other Values,Hidden Boss 2,Tsuru GotM,bbac1f45,1741316,30
0 - Other Values,Hidden Boss 2,Tuitt,aa446159,617839,30
0 - Other Values,Hidden Boss 2,Vapor,af41a48e,50180,30
0 - Other Values,Hidden Boss 2,Wise,f2de617a,1029315,30
0 - Other Values,Hidden Boss 2,YOC,aecedc64,231488,30
0 - Other Values,Hidden Boss 2,Yourbro,d235e8a0,523826,30
0 - Other Values,Hidden Boss 2,zaK9999,d4f2b312,1070952,30
0 - Other Values,Hidden Boss 2,ZoZeF,a058b938,778790,30
0 - Other Values,Hidden Boss 2,あーす,300f7b1f,32359,30
0 - Other Values,Hidden Boss 2,いんぜりー,c0111006,1245094,30
0 - Other Values,Hidden Boss 2,かえる,f8d9b188,2485238,30
0 - Other Values,Hidden Boss 2,シッショー,15b57876,1631464,30
0 - Other Values,Hidden Boss 2,シャドウ,e0a3758b,2338371,30
0 - Other Values,Hidden Boss 2,せんら,2bbe929a,1904953,50
0 - Other Values,Hidden Boss 2,ツバキ,ae9132a9,2512538,30
0 - Other Values,Hidden Boss 2,べじ,7c242919,1408362,30
0 - Other Values,Hidden Boss 2,らてぇ,1d1ba3eb,2315968,30
0 - Other Values,Hidden Boss 2,リム,5605d634,2488493,30
0 - Other Values,Hidden Boss 2,ルミナス,f4f5bec7,1569736,30
0 - Other Values,Hidden Boss 2,ロキてんどんまん,b914edfe,2612875,30
0 - Other Values,Hidden Boss 2,満足,1126f57d,1209518,30
0 - Other Values,High Major Placement,Kurama,d59004ad,175623,200
0 - Other Values,High Major Placement,MuteAce,284d5644,44865,200
0 - Other Values,High Major Placement,Big D,67dab81e,21504,150
0 - Other Values,High Major Placement,Chag,c5e8b49a,70916,150
0 - Other Values,High Major Placement,zackray,181880b7,498962,150
0 - Other Values,High Major Placement,ヤウラ,5e9efb3c,2331494,150
1 - Europe Region Seat,France #1,Leon,b6859efe,5604,50
1 - Europe Region Seat,France #2,Flow,00d6d0ad,129129,50
1 - Europe Region Seat,France #3,Oryon,ac800e16,977863,50
1 - Europe Region Seat,France #4,Raflow,1e53f5f2,1352543,50
1 - Europe Region Seat,France #5,Nitox,0d2a74af,1238871,50
1 - Europe Region Seat,Spain #1,Sisqui,e97f144e,539193,50
1 - Europe Region Seat,Spain #2,AndresFn,efabe54a,140568,50
1 - Europe Region Seat,Spain #3,Pepo,67df2de4,137380,50
1 - Europe Region Seat,Spain #4,Vidad,12187717,1354812,50
1 - Europe Region Seat,Spain #5,MVL,4aa47be5,156099,50
1.1 - Europe,Austria #1,Sintro,e0977d2d,214112,50
1.1 - Europe,Austria #2,Yetey,e6263f7e,183480,40
1.1 - Europe,Austria #3,Sandro,33dd1a35,1212986,30
1.1 - Europe,Austria #4,AleX,581a606f,945363,20
1.1 - Europe,Austria #5,SkWiirrel,55b32fb5,260000,10
1.1 - Europe,Belgium #1,SuperStriker,592ba42e,241831,50
1.1 - Europe,Belgium #2,Nibodax,05777e91,173036,40
1.1 - Europe,Belgium #3,Dia,792ef557,181016,20
1.1 - Europe,Belgium #4,haytem,491f0508,1110332,20
1.1 - Europe,Belgium #5,Yiazmat Goat,b5a6011d,224633,20
1.1 - Europe,Denmark #1,+HOPE+,ed40a75d,49090,50
1.1 - Europe,Denmark #2,tsun,9e0f92c8,484213,40
1.1 - Europe,Denmark #3,MelihMegron,e22e9dee,831708,30
1.1 - Europe,Denmark #4,Jegerlilla,4d8a8e44,1391275,20
1.1 - Europe,Denmark #5,Emi!!,e0bf0359,2650712,10
1.1 - Europe,Eastern Europe #1,Fairy Seal,65c9313c,1208721,50
1.1 - Europe,Eastern Europe #2,Zlippy,,,40
1.1 - Europe,Eastern Europe #3,PRoM,0c9000d6,1515160,30
1.1 - Europe,Eastern Europe #4,2Garin,b716ec00,1482663,20
1.1 - Europe,Eastern Europe #5,TrueGek,00c973c5,1360928,10
1.1 - Europe,Finland #1,Lancelot,a18e37a5,158499,50
1.1 - Europe,Finland #2,Solobattle,92322f12,219891,40
1.1 - Europe,Finland #3,Bl4ck,b35d109b,47952,30
1.1 - Europe,Finland #4,Mursu,bfe64aaf,173557,20
1.1 - Europe,Finland #5,PK,00f0b631,398615,10
1.1 - Europe,Germany #1,Tarik,b78faa57,215623,50
1.1 - Europe,Germany #2,quiK,a488aa5c,6872,40
1.1 - Europe,Germany #3,Longo,5be04182,36829,30
1.1 - Europe,Germany #4,DarkThunder,bcf89b42,548005,20
1.1 - Europe,Germany #5,Rinor,e26e3aca,182884,10
1.1 - Europe,Greece #1,Deer,4d7b3639,149771,50
1.1 - Europe,Greece #2,SP1,65e1e70e,1022681,40
1.1 - Europe,Greece #3,Momo!,d7251916,1454397,30
1.1 - Europe,Greece #4,doperman,33c4b282,247895,20
1.1 - Europe,Greece #5,KHS,29d9ae11,2489222,10
1.1 - Europe,Iceland #1,Solar,06e1df7e,419695,50
1.1 - Europe,Iceland #2,Seether,06fb3f50,1585958,40
1.1 - Europe,Iceland #3,Egiru,7b9e8284,1261458,30
1.1 - Europe,Iceland #4,Mapelgold,90cf37c9,2433327,20
1.1 - Europe,Iceland #5,AirLi,88098274,244474,10
1.1 - Europe,Ireland #1,Dmitrii,c723d10e,1557500,50
1.1 - Europe,Ireland #2,Selkie! >.<,235d0076,2182870,40
1.1 - Europe,Ireland #3,Snook,86616466,240882,30
1.1 - Europe,Ireland #4,Creeperconstable,037a2751,1108789,20
1.1 - Europe,Ireland #5,sam,d5047513,1185657,10
1.1 - Europe,Israel #1,Yuri,623c3a92,1174125,50
1.1 - Europe,Israel #2,Picotera,5879284d,1078709,40
1.1 - Europe,Israel #3,PsY,8e6e8dec,1759367,30
1.1 - Europe,Israel #4,adom,6f2e4f57,41366,20
1.1 - Europe,Israel #5,Pango,a58fdd98,2008062,10
1.1 - Europe,Italy #1,firstbones,b6bcb70d,234334,50
1.1 - Europe,Italy #2,Ryng,bd64c733,669574,40
1.1 - Europe,Italy #3,GANDIX,0230a52b,323534,30
1.1 - Europe,Italy #4,Weijie01,b7ee61c3,181010,20
1.1 - Europe,Italy #5,NFL,30d4efac,896979,10
1.1 - Europe,Luxembourg #1,LuiS,a9702b1e,152577,50
1.1 - Europe,Luxembourg #2,Kakpu,e8c6d0b6,151685,40
1.1 - Europe,Luxembourg #3,otek,298b8976,19345,30
1.1 - Europe,Luxembourg #4,TXK7-TraX,2b2d8751,37254,20
1.1 - Europe,Luxembourg #5,Kami,b4f4c2f9,232094,10
1.1 - Europe,Netherlands #1,Supahsemmie,b3a7a650,148529,50
1.1 - Europe,Netherlands #2,Space,234cbf40,180857,40
1.1 - Europe,Netherlands #3,Azrael,d97cea08,174769,30
1.1 - Europe,Netherlands #4,SKIPPER,b0e5f0f8,180375,20
1.1 - Europe,Netherlands #5,Zemmol,3b8a820a,1225555,10
1.1 - Europe,Norway #1,Whoophee,fe14e5b4,36133,50
1.1 - Europe,Norway #2,J,e1a5fc55,906746,40
1.1 - Europe,Norway #3,Ton,ec8e47fa,877560,30
1.1 - Europe,Norway #4,Maroof,f1c3a69e,614780,20
1.1 - Europe,Norway #5,Mo,8f1162bd,1296436,10
1.1 - Europe,Poland #1,Aggrise,f317c51a,468011,50
1.1 - Europe,Poland #2,Klopsiak,8cc63698,181418,40
1.1 - Europe,Poland #3,Drayv,bee01877,437426,30
1.1 - Europe,Poland #4,Gumanku,ffc064d1,400169,20
1.1 - Europe,Poland #5,Kandif,9c443c5a,241340,10
1.1 - Europe,Portugal #1,Zerin,c6613edb,1159335,50
1.1 - Europe,Portugal #2,Iberyes,24013ffc,787252,40
1.1 - Europe,Portugal #3,Rapires,96b90469,1609085,30
1.1 - Europe,Portugal #4,Benca,cec38eee,173969,20
1.1 - Europe,Portugal #5,Zekip,cdbf4251,182937,10
1.1 - Europe,Scotland #1,MazeBeans,142f574f,889697,50
1.1 - Europe,Scotland #2,Kirb0,55c64d4c,1753809,40
1.1 - Europe,Scotland #3,Jodgers,4e5f050e,845475,30
1.1 - Europe,Scotland #4,Lids,64afe268,1413077,20
1.1 - Europe,Scotland #5,Octave,1dd1161c,1788404,10
1.1 - Europe,Sweden #1,B.G. Tao,bbbc0c60,251734,50
1.1 - Europe,Sweden #2,big chungus,2c15da17,1811092,40
1.1 - Europe,Sweden #3,"Rage, The real one",ad7307f4,279857,30
1.1 - Europe,Sweden #4,ThymeBalloon,26bb07d4,48681,20
1.1 - Europe,Sweden #5,Pipwolf,dda1c39f,1500895,10
1.1 - Europe,Switzerland #1,Destany,d9a22251,212478,50
1.1 - Europe,Switzerland #2,Jaka,f8b1191f,995605,40
1.1 - Europe,Switzerland #3,Karpador64,52f3ad4a,623824,30
1.1 - Europe,Switzerland #4,Deox6,0b1c4bdc,2062749,20
1.1 - Europe,Switzerland #5,Crash,32b1b511,273613,10
1.1 - Europe,Turkey #1,Regal,e857ed8e,806192,50
1.1 - Europe,Turkey #2,Jammz,c83e31de,455082,40
1.1 - Europe,Turkey #3,Shellot,b600a6d5,995912,30
1.1 - Europe,Turkey #4,BlueDemon,2542c0ce,954182,20
1.1 - Europe,Turkey #5,Marcio,ae844434,898081,10
1.1 - Europe,United Kingdom #1,Bloom4Eva,17afe34e,1198828,50
1.1 - Europe,United Kingdom #2,MazeBeans,142f574f,889697,40
1.1 - Europe,United Kingdom #3,Luugi,57bd7962,1777711,30
1.1 - Europe,United Kingdom #4,OwlBBs,7ac282fa,375693,20
1.1 - Europe,United Kingdom #5,Peli,b8be32d2,51168,10
2.1 - Mexico Region Seat,CDMX #1,Javi,ca50cbcd,205133,50
2.1 - Mexico Region Seat,CDMX #2,Cloudy,045bcc77,71251,50
2.1 - Mexico Region Seat,CDMX #3,Nair^,ac3d5867,156346,50
2.1 - Mexico Region Seat,CDMX #4,Law,93286df2,631725,50
2.1 - Mexico Region Seat,CDMX #5,Bestia,8f4025da,70889,50
2.1 - Mexico Region Seat,Guadalajara #1,Jayce,2f7bc004,11154,50
2.1 - Mexico Region Seat,Guadalajara #2,Regi Shikimi,d6b90145,30727,50
2.1 - Mexico Region Seat,Guadalajara #3,Ripka,c0f927ac,451013,50
2.1 - Mexico Region Seat,Guadalajara #4,Bernie,c27709b1,69011,50
2.1 - Mexico Region Seat,Guadalajara #5,FuerzaDON,1e917a9f,71448,50
2.1 - Mexico Region Seat,Monterrey #1,Rox,7a992013,131359,50
2.1 - Mexico Region Seat,Monterrey #2,Wonf,b13a6ec1,137248,50
2.1 - Mexico Region Seat,Monterrey #3,Marshall,a3991541,1127404,50
2.1 - Mexico Region Seat,Monterrey #4,Pollitopio,1ddf0e1c,847880,50
2.1 - Mexico Region Seat,Monterrey #5,MasterKill,6ddf4437,1740654,50
2.1 - Mexico Region Seat,Tijuana #1,Sparg0,b5230de8,158026,50
2.1 - Mexico Region Seat,Tijuana #2,WaKa,cb6001b4,504366,50
2.1 - Mexico Region Seat,Tijuana #3,AlanDiss,46ff138e,128243,50
2.1 - Mexico Region Seat,Tijuana #4,ΩRugal,aff43af7,273243,50
2.1 - Mexico Region Seat,Tijuana #5,Ázral,416806a1,1742357,50
2.1.1 - Mexico,Puebla #1,YBL,05e6e280,70854,50
2.1.1 - Mexico,Puebla #2,Skyjay,f5b6768a,961165,40
2.1.1 - Mexico,Puebla #3,Garo,15f6aaa2,1720743,30
2.1.1 - Mexico,Puebla #4,AdrianSP,f85093f1,240868,20
2.1.1 - Mexico,Puebla #5,Lucas,c3cc6126,1596192,10
2.1.1 - Mexico,Queretaro #1,Pineda,45fca9fb,155461,50
2.1.1 - Mexico,Queretaro #2,Leaf,c2d31266,65804,40
2.1.1 - Mexico,Queretaro #3,Chazz ,786dbb65,271339,30
2.1.1 - Mexico,Queretaro #4,CHOSEN,59018bd8,271644,20
2.1.1 - Mexico,Queretaro #5,D’Taku,c65912fd,1033898,10
2.1.1 - Mexico,Saltillo #1,Nery,6a1c518c,252940,50
2.1.1 - Mexico,Saltillo #2,Ang,6889283e,135714,40
2.1.1 - Mexico,Saltillo #3,Genialo,827b198c,172066,30
2.1.1 - Mexico,Saltillo #4,R4YM0ND,4a9fcac5,1433944,20
2.1.1 - Mexico,Saltillo #5,Arkangel,ee990c4f,1025444,10
2.1.1 - Mexico,San Luis Potosi #1,Grim,061299f0,565173,50
2.1.1 - Mexico,San Luis Potosi #2,Stelar,17f47081,270849,40
2.1.1 - Mexico,San Luis Potosi #3,OBVIO GL,193d4b95,156135,30
2.1.1 - Mexico,San Luis Potosi #4,Corraje,1b3717e5,65147,20
2.1.1 - Mexico,San Luis Potosi #5,NETOmx,7dfcfaf3,56553,10
2.1.1 - Mexico,Sinaloa #1,Blues,0f15fb1d,622890,50
2.1.1 - Mexico,Sinaloa #2,Elvis,f38b9b7c,232922,40
2.1.1 - Mexico,Sinaloa #3,Isco,68586e34,661366,30
2.1.1 - Mexico,Sinaloa #4,LAO9,74b6cc6d,618409,20
2.1.1 - Mexico,Sinaloa #5,Momo,7015b09a,225138,10
2.1.1 - Mexico,Sonora #1,Kerp,071bfb2e,140138,50
2.1.1 - Mexico,Sonora #2,CK,244f16c7,1049930,40
2.1.1 - Mexico,Sonora #3,Tavirow,372dbf9b,1727911,30
2.1.1 - Mexico,Sonora #4,AaronBoyMan,bfca3db0,380974,20
2.1.1 - Mexico,Sonora #5,Xtorm,3444c3f8,1723766,10
2.1.1 - Mexico,Tampico #1,Many,77f79aaf,1310682,50
2.1.1 - Mexico,Tampico #2,Stylos,2085dd31,62194,40
2.1.1 - Mexico,Tampico #3,Kaido,9bac8eab,1929233,30
2.1.1 - Mexico,Tampico #4,ECruz,b37f2968,311173,20
2.1.1 - Mexico,Tampico #5,Saosin,98084882,311243,10
2.1.1 - Mexico,Veracruz #1,ReiDianita,449b4fcf,741935,50
2.1.1 - Mexico,Veracruz #2,aro,3b9eb990,2243883,40
2.1.1 - Mexico,Veracruz #3,DYn,da741aab,321295,30
2.1.1 - Mexico,Veracruz #4,DYNAMIC,e11902a6,1950869,20
2.1.1 - Mexico,Veracruz #5,Mox,ae552c0b,622109,10
2.1.1 - Mexico,Yucatan #1,Lalini,12d4993e,150950,50
2.1.1 - Mexico,Yucatan #2,Who,c03c722c,33817,40
2.1.1 - Mexico,Yucatan #3,OBESOO,ed6b6e6a,429133,30
2.1.1 - Mexico,Yucatan #4,Armads (HEM),3e7458a1,395627,20
2.1.1 - Mexico,Yucatan #5,Gedestra,d23dc232,597881,10
2.2 - Canada Region Seat,British Columbia #1,Ouch!?,5dba9df5,300502,50
2.2 - Canada Region Seat,British Columbia #2,Tickle,61396e46,53715,50
2.2 - Canada Region Seat,British Columbia #3,Lemmon,5d39ffe6,250692,50
2.2 - Canada Region Seat,British Columbia #4,Big D,67dab81e,21504,50
2.2 - Canada Region Seat,British Columbia #5,SpamCop,f4975e53,137493,50
2.2 - Canada Region Seat,Ontario #1,Riddles,03d3a671,160464,50
2.2 - Canada Region Seat,Ontario #2,Burst,6726bbe2,56473,50
2.2 - Canada Region Seat,Ontario #3,Blacktwins13,f37be93b,5796,50
2.2 - Canada Region Seat,Ontario #4,Grape,31641a38,1075048,50
2.2 - Canada Region Seat,Ontario #5,elijmin,f5b9a0d2,1581758,50
2.2 - Canada Region Seat,Quebec #1,Smokk,7d1e07f1,157156,50
2.2 - Canada Region Seat,Quebec #2,LA GRIMACE,8c806428,345502,50
2.2 - Canada Region Seat,Quebec #3,Pacha,25f5af4b,1063896,50
2.2 - Canada Region Seat,Quebec #4,Dayyy,58efc6c4,1895232,50
2.2 - Canada Region Seat,Quebec #5,Soar,bb02c36c,37058,50
2.2.1 - Canada,Alberta #1,Exodia,b7fda7a2,39597,50
2.2.1 - Canada,Alberta #2,rm8,293c9ffb,1006473,40
2.2.1 - Canada,Alberta #3,Deck,6d224719,428290,30
2.2.1 - Canada,Alberta #4,Smear,c7240bdb,265869,20
2.2.1 - Canada,Alberta #5,Toasted,ccfba94f,1784382,10
2.2.1 - Canada,Manitoba #1,Melon,c25a6640,2512815,50
2.2.1 - Canada,Manitoba #2,Jams,4d709f39,44766,40
2.2.1 - Canada,Manitoba #3,SquidNinja,3b845549,1409179,30
2.2.1 - Canada,Manitoba #4,Kodra,62f90904,991378,20
2.2.1 - Canada,Manitoba #5,Deviljhoey,9cad6493,1109253,10
2.2.1 - Canada,New Brunswick #1,Light ,9f45bd0f,782852,50
2.2.1 - Canada,New Brunswick #2,soh,41cc9c9d,138741,40
2.2.1 - Canada,New Brunswick #3,Shuck3y,0de59ce2,68824,30
2.2.1 - Canada,New Brunswick #4,Joe,29510822,1173422,20
2.2.1 - Canada,New Brunswick #5,C-Salt,f9de4363,156308,10
2.2.1 - Canada,Newfoundland #1,Banjo,cba7012f,1858212,50
2.2.1 - Canada,Newfoundland #2,$$D$rex$$,1a2b223d,323886,40
2.2.1 - Canada,Newfoundland #3,Fuzzydyne,7e0d9edc,184817,30
2.2.1 - Canada,Newfoundland #4,Brando,6150c1d5,65888,20
2.2.1 - Canada,Newfoundland #5,Slick,d1b26795,184993,10
2.2.1 - Canada,Nova Scotia #1,Vapor,af41a48e,50180,50
2.2.1 - Canada,Nova Scotia #2,Raziek,51580772,21187,40
2.2.1 - Canada,Nova Scotia #3,Croi,960a1502,55964,30
2.2.1 - Canada,Nova Scotia #4,TehBlueOne,3d2e9490,136659,20
2.2.1 - Canada,Nova Scotia #5,Mr.Rezee,7c15f194,1159836,10
2.2.1 - Canada,Prince Edward Island #1,Ssunflower,8ded7731,1168981,50
2.2.1 - Canada,Prince Edward Island #2,Emann,fc671d9a,468209,40
2.2.1 - Canada,Prince Edward Island #3,Twi,f72d5ddc,1831068,30
2.2.1 - Canada,Prince Edward Island #4,K. Kool,8eea784d,1828796,20
2.2.1 - Canada,Prince Edward Island #5,MindReader,51b482ec,62772,10
2.2.1 - Canada,Saskatchewan #1,NadiA,6da27446,551517,50
2.2.1 - Canada,Saskatchewan #2,@pinkbombo91,a7b41c46,26435,40
2.2.1 - Canada,Saskatchewan #3,2Scary,f77dc641,532708,30
2.2.1 - Canada,Saskatchewan #4,Corvo,c1475e27,703064,20
2.2.1 - Canada,Saskatchewan #5,veto,bdd9aaba,950196,10
3.1 - Caribbean Region Seat,Dominican Republic #1,Capitancito,c32a7b3b,71105,50
3.1 - Caribbean Region Seat,Dominican Republic #2,Chazz,efd52d5b,330169,50
3.1 - Caribbean Region Seat,Dominican Republic #3,0mart,bf581031,41649,50
3.1 - Caribbean Region Seat,Dominican Republic #4,SHARPYZAR,60a0ec22,183077,50
3.1 - Caribbean Region Seat,Dominican Republic #5,Shaka,3d519601,261032,50
3.1 - Caribbean Region Seat,Puerto Rico #1,EKING,7b1e5414,39038,50
3.1 - Caribbean Region Seat,Puerto Rico #2,Chokeyuken,4ecebd33,757697,50
3.1 - Caribbean Region Seat,Puerto Rico #3,Tuitt,aa446159,617839,50
3.1 - Caribbean Region Seat,Puerto Rico #4,Headshot,3d73a05a,53537,50
3.1 - Caribbean Region Seat,Puerto Rico #5,ReN,0d694d0c,410335,50
3.1.1 - Caribbean,Bahamas #1,conbeef,c7a66c87,373746,50
3.1.1 - Caribbean,Bahamas #2,Lynard Killer,225e741c,1355829,40
3.1.1 - Caribbean,Bahamas #3,NOGGOD,b0b8efd3,2837619,30
3.1.1 - Caribbean,Bahamas #4,Hidden,1d7b4c52,229182,20
3.1.1 - Caribbean,Bahamas #5,FRauDFiSH,690af32d,231519,10
3.1.1 - Caribbean,Barbados #1,Anasi,,,50
3.1.1 - Caribbean,Barbados #2,Sagetech,,,40
3.1.1 - Caribbean,Barbados #3,Narco,,,30
3.1.1 - Caribbean,Barbados #4,Pain!,,,20
3.1.1 - Caribbean,Barbados #5,Criswindstorm,,,10
3.1.1 - Caribbean,Jamaica #1,Cyan,c76189c1,130669,50
3.1.1 - Caribbean,Jamaica #2,NoU,,,40
3.1.1 - Caribbean,Jamaica #3,Okair,6ef57e11,469943,30
3.1.1 - Caribbean,Jamaica #4,Mess,fe31d845,1438033,20
3.1.1 - Caribbean,Jamaica #5,Ziffy,,,10
3.1.1 - Caribbean,Trinidad and Tobago #1,ASYM,,,50
3.1.1 - Caribbean,Trinidad and Tobago #2,3C,,,40
3.1.1 - Caribbean,Trinidad and Tobago #3,Wabz,093d29cc,214476,30
3.1.1 - Caribbean,Trinidad and Tobago #4,BigFatTurtle,a68da5d4,214478,20
3.1.1 - Caribbean,Trinidad and Tobago #5,SSJ3,,,10
3.2 - Central America,Costa Rica #1,Yei,c1358c01,1026031,50
3.2 - Central America,Costa Rica #2,Morsalsa,f4b723d1,1144423,50
3.2 - Central America,Costa Rica #3,MtKat,5001f2b5,1692989,50
3.2 - Central America,Costa Rica #4,JM,2c5d3a58,325913,50
3.2 - Central America,Costa Rica #5,Triple,82c5d058,129186,50
3.2 - Central America,El Salvador #1,Luisfer,de6082ea,53162,50
3.2 - Central America,El Salvador #2,Wolfen,52449e0a,46455,50
3.2 - Central America,El Salvador #3,Vanitas,bf439a87,71071,50
3.2 - Central America,El Salvador #4,Kira,684f10a9,63704,50
3.2 - Central America,El Salvador #5,Shadow,9a47ec6e,71053,50
3.2.1 - Central America Region Seat,Guatemala #1,ShinyMark,1cbc6e18,184005,50
3.2.1 - Central America Region Seat,Guatemala #2,Shaveh,be7a44fe,958465,40
3.2.1 - Central America Region Seat,Guatemala #3,Haunter,cbc975e9,1321023,30
3.2.1 - Central America Region Seat,Guatemala #4,Crisam,358b1053,276159,20
3.2.1 - Central America Region Seat,Guatemala #5,Burnlight,e06c9e10,776500,10
3.2.1 - Central America Region Seat,Honduras #1,BigFred,a342978b,1516218,50
3.2.1 - Central America Region Seat,Honduras #2,ROBOT3050,05f01141,1284808,40
3.2.1 - Central America Region Seat,Honduras #3,Echofire,f4b99aaf,1140268,30
3.2.1 - Central America Region Seat,Honduras #4,Yuka!,757a0468,836528,20
3.2.1 - Central America Region Seat,Honduras #5,Ed^,97e3e314,852352,10
3.2.1 - Central America Region Seat,Nicaragua #1,Rayo,2451a825,1007509,50
3.2.1 - Central America Region Seat,Nicaragua #2,BHIO,6981461f,1036259,40
3.2.1 - Central America Region Seat,Nicaragua #3,Lucm3,32c50c4c,1499670,30
3.2.1 - Central America Region Seat,Nicaragua #4,Eleya,9132d81e,1499647,20
3.2.1 - Central America Region Seat,Nicaragua #5,Azabeth,48291e56,483812,10
3.2.1 - Central America Region Seat,Panama #1,AnDy,7206b26d,337057,50
3.2.1 - Central America Region Seat,Panama #2,Jaime,7c229178,1235172,40
3.2.1 - Central America Region Seat,Panama #3,Noway,e6425c22,910208,30
3.2.1 - Central America Region Seat,Panama #4,Ferstu,18fa72b0,1769509,20
3.2.1 - Central America Region Seat,Panama #5,GaBo,df022efd,338503,10
4.1 - Southern Cone Region Seat,Chile #1,Wise,f2de617a,1029315,50
4.1 - Southern Cone Region Seat,Chile #2,Peppa,d08cd6bd,1330165,50
4.1 - Southern Cone Region Seat,Chile #3,Harlonga,434bcab8,565688,50
4.1 - Southern Cone Region Seat,Chile #4,Braixen,d5e0a4a1,293126,50
4.1 - Southern Cone Region Seat,Chile #5,Mantolio,2892e3ce,2016113,50
4.1.1 - Southern Cone,Argentina #1,ZanT,d0623bcc,254724,50
4.1.1 - Southern Cone,Argentina #2,Paco,94a2725f,380569,40
4.1.1 - Southern Cone,Argentina #3,Jigle,395be553,1902596,30
4.1.1 - Southern Cone,Argentina #4,Lucastrupa,9ac30037,1929280,20
4.1.1 - Southern Cone,Argentina #5,Escurridizo,81575758,66030,10
4.1.1 - Southern Cone,Paraguay #1,Foo Fighters,f285e19f,1451058,50
4.1.1 - Southern Cone,Paraguay #2,Konkreto,4277a4f7,1012772,40
4.1.1 - Southern Cone,Paraguay #3,PapaCharly,398c281d,398855,30
4.1.1 - Southern Cone,Paraguay #4,FABS,9e2dec76,1627313,20
4.1.1 - Southern Cone,Paraguay #5,Spike,75931c63,1452211,10
4.1.1 - Southern Cone,Uruguay #1,Mitsu,b76f4609,557903,50
4.1.1 - Southern Cone,Uruguay #2,RIGONARDO,fa12ebf5,1244573,40
4.1.1 - Southern Cone,Uruguay #3,Batipeta,3c0c25b5,1244662,30
4.1.1 - Southern Cone,Uruguay #4,Marroll,051a54ec,795083,20
4.1.1 - Southern Cone,Uruguay #5,Trim,dc8c52b0,599412,10
4.2 - Bolivian North Region Seat,Ecuador #1,Anality,095bdf20,526645,50
4.2 - Bolivian North Region Seat,Ecuador #2,Br1 AV,b4b92864,513842,50
4.2 - Bolivian North Region Seat,Ecuador #3,shanes,b6a3b494,1843515,50
4.2 - Bolivian North Region Seat,Ecuador #4,MALDO,71f14f9e,379716,50
4.2 - Bolivian North Region Seat,Ecuador #5,Legaia,bcc42c7d,373313,50
4.2 - Bolivian North Region Seat,Venezuela #1,morrocoYo,db6b8c4b,538881,50
4.2 - Bolivian North Region Seat,Venezuela #2,GARU,69797894,217392,50
4.2 - Bolivian North Region Seat,Venezuela #3,Pancakes,49174c18,30355,50
4.2 - Bolivian North Region Seat,Venezuela #4,Starlad,6a55651a,1409248,50
4.2 - Bolivian North Region Seat,Venezuela #5,SwL,bc972c50,524647,50
4.2.1 - Bolivian North,Bolivia #1,Perezoso,50da9762,1895154,50
4.2.1 - Bolivian North,Bolivia #2,zurich316,7631ebea,2076018,40
4.2.1 - Bolivian North,Bolivia #3,Sage Mode,c4e02532,710674,30
4.2.1 - Bolivian North,Bolivia #4,Allan,304fcbd9,1904586,20
4.2.1 - Bolivian North,Bolivia #5,Tales,b7e7b407,1877348,10
4.2.1 - Bolivian North,Colombia #1,Ghoul979,7cb93982,1183380,50
4.2.1 - Bolivian North,Colombia #2,jjcat00,a378e5a5,408055,40
4.2.1 - Bolivian North,Colombia #3,reridse,2039d5e8,973738,30
4.2.1 - Bolivian North,Colombia #4,BetaMan,becd6b04,817475,20
4.2.1 - Bolivian North,Colombia #5,SMX199,1ac00ea7,2232351,10
4.2.1 - Bolivian North,Peru #1,Poyo,39dabfd8,402143,50
4.2.1 - Bolivian North,Peru #2,STARLEE,51f25e50,158093,40
4.2.1 - Bolivian North,Peru #3,Bocchi,33a2c005,2566204,30
4.2.1 - Bolivian North,Peru #4,Thourning Red,d9f96a09,525345,20
4.2.1 - Bolivian North,Peru #5,MeetLeo,a634a8de,434011,10
4.3 - Brazil,Brazil 1 #1,Player 7,4c05ae18,38393,50
4.3 - Brazil,Brazil 1 #2,Noel,be93b047,2032135,50
4.3 - Brazil,Brazil 1 #3,Dh Hunter,2273b8aa,1658759,50
4.3 - Brazil,Brazil 1 #4,SKPeter,ef2802ec,175453,50
4.3 - Brazil,Brazil 1 #5,Smat,cb047813,1542713,50
4.3 - Brazil,Brazil 2 #1,Tsuru GotM,bbac1f45,1741316,50
4.3 - Brazil,Brazil 2 #2,Offline,cfeaeec3,2345480,50
4.3 - Brazil,Brazil 2 #3,Bubbles,b5358dd2,1351082,50
4.3 - Brazil,Brazil 2 #4,LeoRyu18,1403ef6a,1991676,50
4.3 - Brazil,Brazil 2 #5,OmegaVitor,8af81b72,1141468,50
5 - Oceania,ACT #1,Kinaji,14df8bc9,1309647,50
5 - Oceania,ACT #2,PaulBaulo,c3cc7e6c,228918,40
5 - Oceania,ACT #3,Legacy,9f0e55aa,2021639,30
5 - Oceania,ACT #4,KyeChimera,8bc3d774,2083183,20
5 - Oceania,ACT #5,Jay,9744d885,1219264,10
5 - Oceania,New South Wales #1,Luco,6930ccbe,136817,50
5 - Oceania,New South Wales #2,Shmu,805e37ad,400954,40
5 - Oceania,New South Wales #3,Dmo,5e92138b,1011123,30
5 - Oceania,New South Wales #4,~Phoebe~,bf7df5be,529192,20
5 - Oceania,New South Wales #5,chipotle,4c501202,635355,10
5 - Oceania,New Zealand #1,IcyK,195e7c0f,1120254,50
5 - Oceania,New Zealand #2,AlastairBL,cb8678b4,617549,40
5 - Oceania,New Zealand #3,Big Red,0db00c1c,227891,30
5 - Oceania,New Zealand #4,Glaceon,2a7dc8d9,1892618,20
5 - Oceania,New Zealand #5,mojobones,0400459a,1066307,10
5 - Oceania,Queensland #1,Jix,5207e9af,1347288,50
5 - Oceania,Queensland #2,Bro1,eb6151e4,1836860,40
5 - Oceania,Queensland #3,Negima,b5a22db2,1791771,30
5 - Oceania,Queensland #4,Joz.,84b9997d,535937,20
5 - Oceania,Queensland #5,If You lose to me U Suck,8543c6f8,1835722,10
5 - Oceania,South Australia #1,BrickEnthusiast,29b631ce,41133,50
5 - Oceania,South Australia #2,Taicho,4806df71,64016,40
5 - Oceania,South Australia #3,Q,ac11eb64,944338,30
5 - Oceania,South Australia #4,Con_Gaming,c29fb93f,53605,20
5 - Oceania,South Australia #5,Heaven,70460e5a,1838758,10
5 - Oceania,Tasmania #1,Ja-Nox,b982d2cd,788679,50
5 - Oceania,Tasmania #2,jinjo,f4796139,1106396,40
5 - Oceania,Tasmania #3,Jai2go,bc5255d3,492081,30
5 - Oceania,Tasmania #4,Gerald,c6d3b1bd,1036518,20
5 - Oceania,Tasmania #5,Shop,,,10
5 - Oceania,West Australia #1,Luma,b405853f,255788,50
5 - Oceania,West Australia #2,Poppt1,8e48f7be,13357,40
5 - Oceania,West Australia #3,Turn Up,5cb5b044,174692,30
5 - Oceania,West Australia #4,Ttam,44e7b7e8,523823,20
5 - Oceania,West Australia #5,Jarr,998e5a5f,13866,10
5 - Oceania Region Seat,Victoria #1,Jdizzle,bd2ad28b,61140,50
5 - Oceania Region Seat,Victoria #2,Sriks,ca522668,46307,50
5 - Oceania Region Seat,Victoria #3,RaZe,4f2ac1ec,657966,50
5 - Oceania Region Seat,Victoria #4,extra!?,dfe1c2b7,63442,50
5 - Oceania Region Seat,Victoria #5,DD,fee121a7,176067,50
6 - Middle East Region Seat,Saudi Arabia #1,Tooky,50863a0d,328340,50
6 - Middle East Region Seat,Saudi Arabia #2,Vi,9fd2ea1d,1435556,50
6 - Middle East Region Seat,Saudi Arabia #3,ZoZeF,a058b938,778790,50
6 - Middle East Region Seat,Saudi Arabia #4,Gogeta,0c6de37d,386192,50
6 - Middle East Region Seat,Saudi Arabia #5,ABR,579e2931,395473,50
6.1 - Middle East,Bahrain #1,SteelRhydon,aa5f6d2f,374889,50
6.1 - Middle East,Bahrain #2,Bushaheen,a3eb46cb,383257,40
6.1 - Middle East,Bahrain #3,D3,85c85629,1715950,30
6.1 - Middle East,Bahrain #4,DERBAS,fd148449,1691939,20
6.1 - Middle East,Bahrain #5,,,,10
6.1 - Middle East,Kuwait #1,Divine,2f1990e2,2189243,50
6.1 - Middle East,Kuwait #2,Fairess,91a88820,322428,40
6.1 - Middle East,Kuwait #3,soudsamus,a177bfc6,211894,30
6.1 - Middle East,Kuwait #4,Yousef2AT,d8428e4b,1006666,20
6.1 - Middle East,Kuwait #5,StarMod,e54df9f8,2600875,10
6.1 - Middle East,Lebanon #1,Hohsis,dfeb1b4f,1315033,50
6.1 - Middle East,Lebanon #2,Bookius,,,40
6.1 - Middle East,Lebanon #3,Aychde,,,30
6.1 - Middle East,Lebanon #4,B4sedlord,,,20
6.1 - Middle East,Lebanon #5,Elio,,,10
6.1 - Middle East,Qatar #1,$BK,115f381c,373813,50
6.1 - Middle East,Qatar #2,Xaiop,b4aea62f,1336794,40
6.1 - Middle East,Qatar #3,Magician,6a77e5a2,1928594,30
6.1 - Middle East,Qatar #4,iHasoon,87b495db,1740098,20
6.1 - Middle East,Qatar #5,Dawn,b505396a,388704,10
6.1 - Middle East,UAE #1,Shiba,f0adfdf2,336754,50
6.1 - Middle East,UAE #2,3li_SSB,7384ef12,2020408,40
6.1 - Middle East,UAE #3,KJ,b7b536ea,1551917,30
6.1 - Middle East,UAE #4,Seco,415fbe5b,1804189,20
6.1 - Middle East,UAE #5,Nabtah,50be4fb1,1129192,10
7 - Japan Region Seat,Chubu #1,Sigma,c85ce835,569216,50
7 - Japan Region Seat,Chubu #2,DIO,9ecf6867,1335040,50
7 - Japan Region Seat,Chubu #3,トウラ,7098c985,1218808,50
7 - Japan Region Seat,Chubu #4,ましゃ,9e36af3c,564883,50
7 - Japan Region Seat,Chubu #5,Lv.1,98c978f4,1334871,50
7 - Japan Region Seat,Chugoku #1,Asimo,ffa84c87,1569435,50
7 - Japan Region Seat,Chugoku #2,こじかよしお,dd02b428,2249330,50
7 - Japan Region Seat,Chugoku #3,マネーライト,7dd9cb7a,2697103,50
7 - Japan Region Seat,Chugoku #4,かしや,8fa155bc,1631468,50
7 - Japan Region Seat,Chugoku #5,オムアツ,3e9d9aa9,2209034,50
7 - Japan Region Seat,Kyushu #1,シッショー,15b57876,1631464,50
7 - Japan Region Seat,Kyushu #2,ギンタマ,b81431d3,2893108,50
7 - Japan Region Seat,Kyushu #3,ちょんれん,2bdeebd9,2570641,50
7 - Japan Region Seat,Kyushu #4,べじ,7c242919,1408362,50
7 - Japan Region Seat,Kyushu #5,ひで,66f14d3c,2819958,50
7.1 - Japan,Hokkaido #1,Nao,5f19eb43,498179,50
7.1 - Japan,Hokkaido #2,Tsu,63a31da1,253970,40
7.1 - Japan,Hokkaido #3,shion,a7816fdf,1694420,30
7.1 - Japan,Hokkaido #4,おがとう,c7d91360,2560260,20
7.1 - Japan,Hokkaido #5,ウスケザ,32a60f9e,1857479,10
7.1 - Japan,Hokuriku #1,りど,dd009682,2249416,50
7.1 - Japan,Hokuriku #2,ショーリミ,fcde5db8,2486629,40
7.1 - Japan,Hokuriku #3,イナ_フェノン,49d02f2a,2715810,30
7.1 - Japan,Hokuriku #4,とうふ,f678e33a,1467329,20
7.1 - Japan,Hokuriku #5,クルトワ,ed19a8e6,612495,10
7.1 - Japan,Okinawa #1,J-Snake,cda07f56,628560,50
7.1 - Japan,Okinawa #2,Yone,d630c88e,1044478,40
7.1 - Japan,Okinawa #3,つばき,b0517ce6,1313588,30
7.1 - Japan,Okinawa #4,Ayapero,a3d2420b,637361,20
7.1 - Japan,Okinawa #5,なにがし,3bf9bfbf,1313981,10
7.1 - Japan,Shikoku #1,Asimo,ffa84c87,1569435,50
7.1 - Japan,Shikoku #2,ヤウラ,5e9efb3c,2331494,40
7.1 - Japan,Shikoku #3,スガなんです,ea279d0b,2869912,30
7.1 - Japan,Shikoku #4,もっつぁん,56bd768d,1530462,20
7.1 - Japan,Shikoku #5,のっとん,db161a28,1630427,10
7.1 - Japan,Tohoku #1,りてしあ,284b08b4,2544532,50
7.1 - Japan,Tohoku #2,アイゴスキー,42bc1809,1340015,40
7.1 - Japan,Tohoku #3,haruka.,4edc693c,1489301,30
7.1 - Japan,Tohoku #4,わにぱち,7927c50d,2578032,20
7.1 - Japan,Tohoku #5,おおもり,e3284849,1193418,10
8.1 - East Asia Region Seat,South Korea #1,LynZle,6f0e198f,541413,50
8.1 - East Asia Region Seat,South Korea #2,Ashen,c3b717f8,1730494,50
8.1 - East Asia Region Seat,South Korea #3,Tanark,6b3c8c41,427715,50
8.1 - East Asia Region Seat,South Korea #4,beanmoney,7c8fd4cd,1392754,50
8.1 - East Asia Region Seat,South Korea #5,ADverb,491e6c0f,914048,50
8.1.1 - East Asia,Beijing #1,Herr Oberst Nu,909c081d,323112,50
8.1.1 - East Asia,Beijing #2,Bapps,67161fc6,1013202,40
8.1.1 - East Asia,Beijing #3,MA,3f14d981,325395,30
8.1.1 - East Asia,Beijing #4,维京VikingFire,d8f1b00d,1812907,20
8.1.1 - East Asia,Beijing #5,Huezo,e81fc5f4,1765177,10
8.1.1 - East Asia,Guangzhou #1,yooo冰,5067d27a,1329903,50
8.1.1 - East Asia,Guangzhou #2,小明,45967ddf,1534319,40
8.1.1 - East Asia,Guangzhou #3,111,1e3482fe,1812436,30
8.1.1 - East Asia,Guangzhou #4,Nero,cc7339a3,1806993,20
8.1.1 - East Asia,Guangzhou #5,bushihunzi,3fc05ec9,1399496,10
8.1.1 - East Asia,Hong Kong #1,maidan,fcaa95b7,985580,50
8.1.1 - East Asia,Hong Kong #2,VenJimX,fdd74349,1295066,40
8.1.1 - East Asia,Hong Kong #3,Confolio,6af10927,1084365,30
8.1.1 - East Asia,Hong Kong #4,Edmond,a4bf36a5,1219531,20
8.1.1 - East Asia,Hong Kong #5,xSolozx,a8dac97a,732929,10
8.1.1 - East Asia,Shanghai #1,JB,bbb2503c,1938795,50
8.1.1 - East Asia,Shanghai #2,Doomblaze,3ead6066,324495,40
8.1.1 - East Asia,Shanghai #3,利根川,9aad3b05,2011531,30
8.1.1 - East Asia,Shanghai #4,Colga roon,596b1090,1946073,20
8.1.1 - East Asia,Shanghai #5,xavier,0a644910,2027645,10
8.1.1 - East Asia,Shenzhen #1,BriAutumn,85bd6c3d,1732193,50
8.1.1 - East Asia,Shenzhen #2,Skye,bf699e6f,1836990,40
8.1.1 - East Asia,Shenzhen #3,香蕉哥,fe2a30e0,16044,30
8.1.1 - East Asia,Shenzhen #4,Sausage,,,20
8.1.1 - East Asia,Shenzhen #5,Megamac,92d283a5,1831363,10
8.1.1 - East Asia,Taiwan #1,fatejj,10034889,2013468,50
8.1.1 - East Asia,Taiwan #2,Paroka,ff657316,2235629,40
8.1.1 - East Asia,Taiwan #3,Domino,,,30
8.1.1 - East Asia,Taiwan #4,Quote,ee7d2b38,1598317,20
8.1.1 - East Asia,Taiwan #5,John,0826d431,2251220,10
8.2 - Southeast Asia Region Seat,Philippines #1,Yoshi_95,b736a3b3,1027520,50
8.2 - Southeast Asia Region Seat,Philippines #2,67,90064bcb,1168173,50
8.2 - Southeast Asia Region Seat,Philippines #3,Alab,08a8c25f,1323738,50
8.2 - Southeast Asia Region Seat,Philippines #4,PSI Force,329a1799,23444,50
8.2 - Southeast Asia Region Seat,Philippines #5,BAvillain,f8420c11,2007601,50
8.2.1 - Southeast Asia,Indonesia #1,raelu,cf738366,1650563,50
8.2.1 - Southeast Asia,Indonesia #2,Jess,eb3a3cbd,1859030,40
8.2.1 - Southeast Asia,Indonesia #3,TapuMelee,ccbe8983,1624703,30
8.2.1 - Southeast Asia,Indonesia #4,VON,892ddfd3,1645955,20
8.2.1 - Southeast Asia,Indonesia #5,Sir Samo,817b989d,1659951,10
8.2.1 - Southeast Asia,Malaysia #1,Cam ping,994f5a90,1322859,50
8.2.1 - Southeast Asia,Malaysia #2,moom,ddef45b0,32162,40
8.2.1 - Southeast Asia,Malaysia #3,Sikey,,,30
8.2.1 - Southeast Asia,Malaysia #4,Marcane,,,20
8.2.1 - Southeast Asia,Malaysia #5,Icebear,,,10
8.2.1 - Southeast Asia,Singapore #1,rebs,c7768b33,1470337,50
8.2.1 - Southeast Asia,Singapore #2,Oyasumi,61322888,1540350,40
8.2.1 - Southeast Asia,Singapore #3,yesn't,92569cc8,2245851,30
8.2.1 - Southeast Asia,Singapore #4,Blazed,d8f60fa8,1771993,20
8.2.1 - Southeast Asia,Singapore #5,1004,cced102c,2250020,10
8.2.1 - Southeast Asia,Thailand #1,サムスアラン,1c76f6d0,1170326,50
8.2.1 - Southeast Asia,Thailand #2,Lookkrung,6afa2822,1038045,40
8.2.1 - Southeast Asia,Thailand #3,J3ly,0b483728,453719,30
8.2.1 - Southeast Asia,Thailand #4,ChetKie,ace89145,1561743,20
8.2.1 - Southeast Asia,Thailand #5,renard,40ebb901,2820200,10
8.2.1 - Southeast Asia,Vietnam #1,Go_,,,50
8.2.1 - Southeast Asia,Vietnam #2,Aku,,,40
8.2.1 - Southeast Asia,Vietnam #3,KirbyPoyo,,,30
8.2.1 - Southeast Asia,Vietnam #4,Andru,,,20
8.2.1 - Southeast Asia,Vietnam #5,SlawpiPawpi,11bffaeb,1414935,10
9 - Other,India #1,Jolt,bdf7af10,1989029,50
9 - Other,India #2,CheesetheGamer,8493a4cf,1980716,40
9 - Other,India #3,DDIS,cb438d0c,2778934,30
9 - Other,India #4,FLOR,fa65d943,1788063,20
9 - Other,India #5,aj__siv,b185accd,1821059,10
9 - Other,Morocco #1,Raarchyor,52b2a832,1179613,50
9 - Other,Morocco #2,NStheSN,15f7df94,925981,40
9 - Other,Morocco #3,Slvr,a4aae52e,2098846,30
9 - Other,Morocco #4,hydrofx,48f73d91,2227822,20
9 - Other,Morocco #5,M4d_Ara,85a560f1,1072087,10